id,name,vernacular_name,category,type,state_ut,district_city,latitude,longitude,asi_id,unesco_ref,dynasty_ruler,period_century,architectural_style,materials_construction,dimensions_area,sub_features_scannable,combat_historical_narrative,tactical_visiting_info,nearby_cluster,government_source,primary_photo_url,photo_count,all_photo_urls
IND-HER-01,Taj Mahal,ताज महल (Taj Mahal),UNESCO World Heritage Site,Mughal Mausoleum Complex,Uttar Pradesh,"Agra District, Agra",27.175,78.0422,N-UP-A28,252 (Inscribed 1983),Mughal Empire (Emperor Shah Jahan),1632 – 1648 CE (17th Century),Mughal Classical Architecture (Symmetrical Charbagh with Bilateral Axis),"Makrana Pure White Marble, Red Sandstone (Outbuildings), 43 types of Inlaid Gemstones (Parchin Kari)",Height: 73 m (240 ft); Complex Area: 17 hectares (42 acres); Plinth: 95m x 95m,"Central Bulbous Dome, 4 Tilted Corner Minarets, Darwaza-i-Rauza (Great Gate), Pietra Dura Inlay Jali Screens, Cenotaph Chamber, Mosque & Jawab","Commissioned by Emperor Shah Jahan in 1631 in memory of his chief empress Mumtaz Mahal. Employed over 20,000 artisans under chief architect Ustad Ahmad Lahori. The complex embodies the Islamic concept of the gardens of paradise (Rawda) with an octagonal central chamber, acoustic dome resonance, and flawless bilateral symmetry flanked by the river Yamuna.",Sunrise to Sunset (Closed Fridays for prayers). Best time: Oct to March. Night viewing permitted on Full Moon ±2 days. Electric vehicle zone within 500m.,"Agra Fort (2.5 km), Mehtab Bagh (opposite Yamuna, 1 km), Itmad-ud-Daulah (4 km)",Archaeological Survey of India (Agra Circle) & UNESCO WHC Dossier No. 252,https://thumb.wikimedia.org/wikipedia/commons/thumb/a/af/Aks_The_Reflection_Taj_Mahal.jpg/960px-Aks_The_Reflection_Taj_Mahal.jpg?utm_source=commons.wikimedia.org&utm_campaign=imageinfo&utm_content=thumbnail,7,https://thumb.wikimedia.org/wikipedia/commons/thumb/a/af/Aks_The_Reflection_Taj_Mahal.jpg/960px-Aks_The_Reflection_Taj_Mahal.jpg?utm_source=commons.wikimedia.org&utm_campaign=imageinfo&utm_content=thumbnail | https://thumb.wikimedia.org/wikipedia/commons/thumb/c/c8/El_Taj_Mahal-Agra_India0023.JPG/960px-El_Taj_Mahal-Agra_India0023.JPG?utm_source=commons.wikimedia.org&utm_campaign=imageinfo&utm_content=thumbnail | https://thumb.wikimedia.org/wikipedia/commons/thumb/6/68/Taj_Mahal%2C_Agra%2C_India.jpg/960px-Taj_Mahal%2C_Agra%2C_India.jpg?utm_source=commons.wikimedia.org&utm_campaign=imageinfo&utm_content=thumbnail | https://thumb.wikimedia.org/wikipedia/commons/thumb/7/74/Taj_Mahal%2C_Agra%2C_India_edit2.jpg/960px-Taj_Mahal%2C_Agra%2C_India_edit2.jpg?utm_source=commons.wikimedia.org&utm_campaign=imageinfo&utm_content=thumbnail | https://thumb.wikimedia.org/wikipedia/commons/thumb/b/bd/Taj_Mahal%2C_Agra%2C_India_edit3.jpg/960px-Taj_Mahal%2C_Agra%2C_India_edit3.jpg?utm_source=commons.wikimedia.org&utm_campaign=imageinfo&utm_content=thumbnail | https://thumb.wikimedia.org/wikipedia/commons/thumb/1/1d/Taj_Mahal_%28Edited%29.jpeg/960px-Taj_Mahal_%28Edited%29.jpeg?utm_source=commons.wikimedia.org&utm_campaign=imageinfo&utm_content=thumbnail | https://thumb.wikimedia.org/wikipedia/commons/thumb/1/1f/Taj_Mahal_N-UP-A28-a.jpg/960px-Taj_Mahal_N-UP-A28-a.jpg?utm_source=commons.wikimedia.org&utm_campaign=imageinfo&utm_content=thumbnail
IND-HER-02,Qutub Minar & Monument Complex,क़ुतुब मीनार (Qutb Minar),UNESCO World Heritage Site,Victory Minaret & Mosque Complex,Delhi,"South Delhi, Mehrauli",28.5245,77.1855,N-DL-1,607 (Inscribed 1993),"Delhi Sultanate (Qutb-ud-din Aibak, Iltutmish, Firoz Shah Tughlaq)",1192 – 1368 CE (12th-14th Century),Indo-Islamic Ghurid Fluted Architecture,"Chiseled Red Sandstone, Buff Sandstone, White Marble (top two storeys)",Height: 72.5 m (238 ft); Base Diameter: 14.3 m; Top Diameter: 2.7 m; 379 Steps,"Five Superimposed Fluted Storeys with Projecting Balconies, Alai Darwaza, Iron Pillar of Delhi, Quwwat-ul-Islam Mosque, Tomb of Iltutmish, Alai Minar",Commenced by Qutb-ud-din Aibak in 1192 following Muhammad Ghori's victory at Tarain. Completed by Iltutmish and restored by Firoz Shah Tughlaq after a 1368 lightning strike. Decorated with intricate calligraphic Quranic bands and honeycomb stalactite (muqarnas) bracket supports beneath each balcony.,Open daily: 07:00 AM to 09:00 PM. Metro connectivity: Qutub Minar Station (Yellow Line). Illuminated evening dynamic lighting.,"Mehrauli Archaeological Park (800m), Jamali Kamali (1 km), Zafar Mahal (1.2 km)",Archaeological Survey of India (Delhi Circle) & UNESCO Dossier No. 607,https://upload.wikimedia.org/wikipedia/commons/9/94/Close_view_of_the_southern_gate_of_the_Qutb_Minar_enclosure_in_Delhi_in_the_1870s.jpg?utm_source=commons.wikimedia.org&utm_campaign=imageinfo&utm_content=thumbnail_unscaled,7,https://upload.wikimedia.org/wikipedia/commons/9/94/Close_view_of_the_southern_gate_of_the_Qutb_Minar_enclosure_in_Delhi_in_the_1870s.jpg?utm_source=commons.wikimedia.org&utm_campaign=imageinfo&utm_content=thumbnail_unscaled | https://thumb.wikimedia.org/wikipedia/commons/thumb/7/7c/Decorations_on_Qutb_Minar_in_New_Delhi_01.jpg/960px-Decorations_on_Qutb_Minar_in_New_Delhi_01.jpg?utm_source=commons.wikimedia.org&utm_campaign=imageinfo&utm_content=thumbnail | https://thumb.wikimedia.org/wikipedia/commons/thumb/1/1d/Decorations_on_Qutb_Minar_in_New_Delhi_02.jpg/960px-Decorations_on_Qutb_Minar_in_New_Delhi_02.jpg?utm_source=commons.wikimedia.org&utm_campaign=imageinfo&utm_content=thumbnail | https://thumb.wikimedia.org/wikipedia/commons/thumb/3/3e/Qutb_complex_-Delhi_-Delhi_-SSI_0001.jpg/960px-Qutb_complex_-Delhi_-Delhi_-SSI_0001.jpg?utm_source=commons.wikimedia.org&utm_campaign=imageinfo&utm_content=thumbnail | https://thumb.wikimedia.org/wikipedia/commons/thumb/f/ff/Qutb_complex_-Delhi_-Delhi_-SSI_0005.jpg/960px-Qutb_complex_-Delhi_-Delhi_-SSI_0005.jpg?utm_source=commons.wikimedia.org&utm_campaign=imageinfo&utm_content=thumbnail | https://thumb.wikimedia.org/wikipedia/commons/thumb/3/38/Qutb_complex_-Delhi_-Delhi_-SSI_002.jpg/960px-Qutb_complex_-Delhi_-Delhi_-SSI_002.jpg?utm_source=commons.wikimedia.org&utm_campaign=imageinfo&utm_content=thumbnail | https://thumb.wikimedia.org/wikipedia/commons/thumb/3/39/Qutb_complex_-Delhi_-Delhi_-SSI_003.jpg/960px-Qutb_complex_-Delhi_-Delhi_-SSI_003.jpg?utm_source=commons.wikimedia.org&utm_campaign=imageinfo&utm_content=thumbnail
IND-HER-03,Red Fort (Lal Qila),लाल क़िला (Lal Qila),UNESCO World Heritage Site,Imperial Mughal Palace-Fortress,Delhi,"Central Delhi, Old Delhi",28.6562,77.241,N-DL-2,1054 (Inscribed 2007),Mughal Empire (Emperor Shah Jahan),1639 – 1648 CE (17th Century),High Mughal Imperial Citadel Architecture,"Red Sikri Sandstone, White Makrana Marble, Enamelled Ceramic Tiles, Gilded Copper",Perimeter: 2.41 km; Wall Height: 18m to 33m; Enclosed Area: 254.67 acres,"Lahori Gate, Delhi Gate, Chhatta Chowk (Covered Bazaar), Diwan-i-Aam, Diwan-i-Khas with Peacock Throne plinth, Nahr-i-Bihisht stream, Moti Masjid","Constructed when Shah Jahan relocated the capital from Agra to Shahjahanabad. Surrounded by deep defensive moats once fed by the Yamuna River. Served as the seat of Mughal governance until 1857. Captured by the British after the Revolt of 1857, who converted large palace barracks into military cantonments. Today serves as the venue for the Prime Minister's Independence Day address.",Open 09:30 AM to 04:30 PM (Closed Mondays). Sound & Light Show in Hindi/English every evening. Metro: Lal Qila Station (Violet Line).,"Jama Masjid (600m), Chandni Chowk (400m), Raj Ghat (2 km)",Archaeological Survey of India (Delhi Circle) & UNESCO Dossier No. 1054,https://thumb.wikimedia.org/wikipedia/commons/thumb/c/c8/Lahori_Gate%2C_Red_Fort%2C_Delhi.jpg/960px-Lahori_Gate%2C_Red_Fort%2C_Delhi.jpg?utm_source=commons.wikimedia.org&utm_campaign=imageinfo&utm_content=thumbnail,7,https://thumb.wikimedia.org/wikipedia/commons/thumb/c/c8/Lahori_Gate%2C_Red_Fort%2C_Delhi.jpg/960px-Lahori_Gate%2C_Red_Fort%2C_Delhi.jpg?utm_source=commons.wikimedia.org&utm_campaign=imageinfo&utm_content=thumbnail | https://thumb.wikimedia.org/wikipedia/commons/thumb/d/de/Lahori_Gate_%28Red_Fort%29%2C_Delhi%2C_India_%282017%29.jpg/960px-Lahori_Gate_%28Red_Fort%29%2C_Delhi%2C_India_%282017%29.jpg?utm_source=commons.wikimedia.org&utm_campaign=imageinfo&utm_content=thumbnail | https://thumb.wikimedia.org/wikipedia/commons/thumb/b/bc/Lahori_Gate_Red_Fort_New_Delhi.jpg/960px-Lahori_Gate_Red_Fort_New_Delhi.jpg?utm_source=commons.wikimedia.org&utm_campaign=imageinfo&utm_content=thumbnail | https://thumb.wikimedia.org/wikipedia/commons/thumb/b/b8/20191203_Czerwony_Fort_w_Delhi_0528_6405_DxO.jpg/960px-20191203_Czerwony_Fort_w_Delhi_0528_6405_DxO.jpg?utm_source=commons.wikimedia.org&utm_campaign=imageinfo&utm_content=thumbnail | https://thumb.wikimedia.org/wikipedia/commons/thumb/4/4a/Lal_Qila_%28Red_Fort%29_270.jpg/960px-Lal_Qila_%28Red_Fort%29_270.jpg?utm_source=commons.wikimedia.org&utm_campaign=imageinfo&utm_content=thumbnail | https://thumb.wikimedia.org/wikipedia/commons/thumb/2/22/Lal_Qila_%28Red_Fort%29_271.jpg/960px-Lal_Qila_%28Red_Fort%29_271.jpg?utm_source=commons.wikimedia.org&utm_campaign=imageinfo&utm_content=thumbnail | https://thumb.wikimedia.org/wikipedia/commons/thumb/3/3b/Red_Fort%2C_Delhi_%28Lal_Qila%29.jpg/960px-Red_Fort%2C_Delhi_%28Lal_Qila%29.jpg?utm_source=commons.wikimedia.org&utm_campaign=imageinfo&utm_content=thumbnail
IND-HER-04,Humayun's Tomb Complex,हुमायूँ का मक़बरा (Humayun's Tomb),UNESCO World Heritage Site,Mughal Garden Tomb (Proto-Taj Mahal),Delhi,"South East Delhi, Nizamuddin East",28.5933,77.2507,N-DL-5,232 (Inscribed 1993),Mughal Empire (Empress Bega Begum / Akbar),1565 – 1572 CE (16th Century),Early Mughal Timurid-Persian Synthesis,"Red Sandstone trimmed with White Marble, Yellow Sandstone, Quartzite rubble masonry",Height: 47 m (154 ft); Width: 91 m plinth; Garden: 30 acres divided into 36 Charbagh squares,"Double Bulbous White Marble Dome, Grand Chamfered Pishtaq Arches, Isa Khan Niyazi Octagonal Tomb, Bu Halima Garden, Arab Sarai Gateway, Barber's Tomb","First substantial example of Mughal architecture in India and direct architectural precursor to the Taj Mahal. Designed by Persian architect Mirak Mirza Ghiyas. Features the first Indian use of a high double-dome with kiosks (chhatris). In September 1857, the last Mughal Emperor Bahadur Shah Zafar was captured here by Captain William Hodson.",Sunrise to Sunset daily. Best photography light: 4:00 PM to 6:00 PM. Wheelchair accessible along central paved stone channels.,"Nizamuddin Dargah (500m), Sundar Nursery (adjacent, 200m), National Zoological Park (1.5 km)",Archaeological Survey of India & Aga Khan Trust for Culture (AKTC),https://thumb.wikimedia.org/wikipedia/commons/thumb/5/57/Humayun%27s_Tomb_%28Humayun_Ka_Maqbara_-_Delhi%29.jpg/960px-Humayun%27s_Tomb_%28Humayun_Ka_Maqbara_-_Delhi%29.jpg?utm_source=commons.wikimedia.org&utm_campaign=imageinfo&utm_content=thumbnail,7,https://thumb.wikimedia.org/wikipedia/commons/thumb/5/57/Humayun%27s_Tomb_%28Humayun_Ka_Maqbara_-_Delhi%29.jpg/960px-Humayun%27s_Tomb_%28Humayun_Ka_Maqbara_-_Delhi%29.jpg?utm_source=commons.wikimedia.org&utm_campaign=imageinfo&utm_content=thumbnail | https://thumb.wikimedia.org/wikipedia/commons/thumb/b/b3/Humayun%27s_Tomb_44.jpg/960px-Humayun%27s_Tomb_44.jpg?utm_source=commons.wikimedia.org&utm_campaign=imageinfo&utm_content=thumbnail | https://thumb.wikimedia.org/wikipedia/commons/thumb/a/a5/Humayun%E2%80%99s_Tomb%2C_Delhi_4.jpg/960px-Humayun%E2%80%99s_Tomb%2C_Delhi_4.jpg?utm_source=commons.wikimedia.org&utm_campaign=imageinfo&utm_content=thumbnail | https://thumb.wikimedia.org/wikipedia/commons/thumb/d/d1/Barber%27s_Tomb%2C_inside_the_Humayun%27s_Tomb_complex_01.jpg/960px-Barber%27s_Tomb%2C_inside_the_Humayun%27s_Tomb_complex_01.jpg?utm_source=commons.wikimedia.org&utm_campaign=imageinfo&utm_content=thumbnail | https://thumb.wikimedia.org/wikipedia/commons/thumb/3/31/Barber%27s_Tomb%2C_inside_the_Humayun%27s_Tomb_complex_02.jpg/960px-Barber%27s_Tomb%2C_inside_the_Humayun%27s_Tomb_complex_02.jpg?utm_source=commons.wikimedia.org&utm_campaign=imageinfo&utm_content=thumbnail | https://thumb.wikimedia.org/wikipedia/commons/thumb/b/b8/Barber%27s_Tomb%2C_inside_the_Humayun%27s_Tomb_complex_04.jpg/960px-Barber%27s_Tomb%2C_inside_the_Humayun%27s_Tomb_complex_04.jpg?utm_source=commons.wikimedia.org&utm_campaign=imageinfo&utm_content=thumbnail | https://thumb.wikimedia.org/wikipedia/commons/thumb/1/1a/Barber%27s_Tomb%2C_inside_the_Humayun%27s_Tomb_complex_06.jpg/960px-Barber%27s_Tomb%2C_inside_the_Humayun%27s_Tomb_complex_06.jpg?utm_source=commons.wikimedia.org&utm_campaign=imageinfo&utm_content=thumbnail
IND-HER-05,Fatehpur Sikri Imperial Citadel,फ़तेहपुर सीकरी (Fatehpur Sikri),UNESCO World Heritage Site,Deserted Mughal Capital City,Uttar Pradesh,"Agra District, Fatehpur Sikri",27.0945,77.6679,N-UP-A25,255 (Inscribed 1986),Mughal Empire (Emperor Akbar the Great),1571 – 1585 CE (16th Century),Akbari Syncretic (Indo-Persian & Gujarati Hindu timber-stone carving),"Chiselled Sikri Red Sandstone, White Marble (Tomb of Salim Chishti)",Fortified ridge perimeter: 11 km; Buland Darwaza Height: 54 m (177 ft),"Buland Darwaza (Gate of Magnificence), Jama Masjid, Tomb of Sheikh Salim Chishti, Diwan-i-Khas Central Carved Pillar, Panch Mahal (5-storey tiered pavilion), Anup Talao",Founded by Akbar in honour of Sufi saint Sheikh Salim Chishti who blessed him with an heir (Prince Salim/Jahangir). Served as Mughal imperial capital for 14 years before being abandoned in 1585 due to severe water shortages and military campaigns in the northwest. The Diwan-i-Khas contains a single stone pillar with 36 serpentine brackets where Akbar held multi-faith philosophical debates (Ibadat Khana).,Open 06:00 AM to 06:00 PM. Battery bus service from parking to Buland Darwaza (1 km). Distance from Agra: 37 km (1 hour drive).,"Keoladeo Ghana National Park, Bharatpur (25 km), Agra Monuments (37 km)",Archaeological Survey of India (Agra Circle) & UNESCO WHC Dossier No. 255,https://thumb.wikimedia.org/wikipedia/commons/thumb/3/33/Buland_Darwaza%2C_Fatehpur_Sikri%2C_Agra.jpg/960px-Buland_Darwaza%2C_Fatehpur_Sikri%2C_Agra.jpg?utm_source=commons.wikimedia.org&utm_campaign=imageinfo&utm_content=thumbnail,7,https://thumb.wikimedia.org/wikipedia/commons/thumb/3/33/Buland_Darwaza%2C_Fatehpur_Sikri%2C_Agra.jpg/960px-Buland_Darwaza%2C_Fatehpur_Sikri%2C_Agra.jpg?utm_source=commons.wikimedia.org&utm_campaign=imageinfo&utm_content=thumbnail | https://thumb.wikimedia.org/wikipedia/commons/thumb/f/f9/Fatehpur_Sikri_-_Buland_Darwaza_of_the_Jami_Masjid.jpg/960px-Fatehpur_Sikri_-_Buland_Darwaza_of_the_Jami_Masjid.jpg?utm_source=commons.wikimedia.org&utm_campaign=imageinfo&utm_content=thumbnail | https://thumb.wikimedia.org/wikipedia/commons/thumb/3/38/Fatehpur_Sikri_near_Agra_2016-03_img05.jpg/960px-Fatehpur_Sikri_near_Agra_2016-03_img05.jpg?utm_source=commons.wikimedia.org&utm_campaign=imageinfo&utm_content=thumbnail | https://thumb.wikimedia.org/wikipedia/commons/thumb/b/b1/Extracts_from_the_letters%2C_diary_and_note_books_of_Amasa_Stone_Mather%2C_June_1907_to_December_1908_%28IA_extractsfromlett02mathiala%29.pdf/page1-500px-Extracts_from_the_letters%2C_diary_and_note_books_of_Amasa_Stone_Mather%2C_June_1907_to_December_1908_%28IA_extractsfromlett02mathiala%29.pdf.jpg?utm_source=commons.wikimedia.org&utm_campaign=imageinfo&utm_content=thumbnail | https://thumb.wikimedia.org/wikipedia/commons/thumb/c/c5/Gardens_of_the_great_Mughals_%28IA_gardensofgreatmu00villiala%29.pdf/page1-500px-Gardens_of_the_great_Mughals_%28IA_gardensofgreatmu00villiala%29.pdf.jpg?utm_source=commons.wikimedia.org&utm_campaign=imageinfo&utm_content=thumbnail | https://thumb.wikimedia.org/wikipedia/commons/thumb/1/1e/India_of_to-day_%28IA_indiaoftoday00delmiala%29.pdf/page1-500px-India_of_to-day_%28IA_indiaoftoday00delmiala%29.pdf.jpg?utm_source=commons.wikimedia.org&utm_campaign=imageinfo&utm_content=thumbnail | https://thumb.wikimedia.org/wikipedia/commons/thumb/9/98/Memoirs_of_the_Emperor_Jahangueir.djvu/page1-960px-Memoirs_of_the_Emperor_Jahangueir.djvu.jpg?utm_source=commons.wikimedia.org&utm_campaign=imageinfo&utm_content=thumbnail
IND-HER-06,Ajanta Caves,अजिंठा लेणी (Ajanta Leni),UNESCO World Heritage Site,Rock-Cut Buddhist Cave Monasteries & Chaityas,Maharashtra,Chhatrapati Sambhaji Nagar (Aurangabad),20.5519,75.7033,W-MH-A1,242 (Inscribed 1983),"Satavahana Dynasty (Phase 1) & Vakataka Dynasty (Harishena, Phase 2)",2nd Century BCE – 6th Century CE,Rock-Cut Buddhist Rock Architecture (Hinayana & Mahayana),"Monolithic Basaltic Deccan Trap Rock, Organic Tempera Frescoes (Cow dung, clay, rice husk, lapis lazuli pigments)",30 rock-cut caves carved into a 75m high crescent-shaped horseshoe gorge along the Waghur River,"Cave 1 Bodhisattva Padmapani and Vajrapani Frescoes, Cave 19 Chaitya Facade with Horseshoe Arch, Cave 26 Reclining Parinirvana Buddha (7m long), Monolithic Vihara Cells","Rediscovered in 1819 by British cavalry officer John Smith during a tiger hunt. The murals illustrate Buddhist Jataka tales using mineral pigments bound with plant sap, exhibiting chiaroscuro lighting effects centuries ahead of European Renaissance. The horseshoe cliff gorge provided monk hermitages strategic acoustic isolation from bustling trade routes linking the Deccan to Ujjain.",Open 09:00 AM to 05:00 PM (Closed Mondays). Eco-friendly shuttle bus from T-Junction. Strict ban on camera flashes to prevent organic pigment decay.,"Ellora Caves (100 km), Daulatabad Fort (95 km), Bibi Ka Maqbara (105 km)",Archaeological Survey of India (Aurangabad Circle) & UNESCO Dossier No. 242,https://thumb.wikimedia.org/wikipedia/commons/thumb/1/1b/Ajanta_Cave_1_Padmapani.jpg/960px-Ajanta_Cave_1_Padmapani.jpg?utm_source=commons.wikimedia.org&utm_campaign=imageinfo&utm_content=thumbnail,7,https://thumb.wikimedia.org/wikipedia/commons/thumb/1/1b/Ajanta_Cave_1_Padmapani.jpg/960px-Ajanta_Cave_1_Padmapani.jpg?utm_source=commons.wikimedia.org&utm_campaign=imageinfo&utm_content=thumbnail | https://thumb.wikimedia.org/wikipedia/commons/thumb/4/40/Avalokite%C5%9Bvara_-_Padmapani%2C_Ajanta_Caves_%284243433392%29.jpg/960px-Avalokite%C5%9Bvara_-_Padmapani%2C_Ajanta_Caves_%284243433392%29.jpg?utm_source=commons.wikimedia.org&utm_campaign=imageinfo&utm_content=thumbnail | https://thumb.wikimedia.org/wikipedia/commons/thumb/f/f7/Bodhisattva_Padmapani%2C_Ajanta%2C_cave_1%2C_India.jpg/960px-Bodhisattva_Padmapani%2C_Ajanta%2C_cave_1%2C_India.jpg?utm_source=commons.wikimedia.org&utm_campaign=imageinfo&utm_content=thumbnail | https://thumb.wikimedia.org/wikipedia/commons/thumb/7/7e/Ajanta_Caves_from_Cave_26.jpg/960px-Ajanta_Caves_from_Cave_26.jpg?utm_source=commons.wikimedia.org&utm_campaign=imageinfo&utm_content=thumbnail | https://thumb.wikimedia.org/wikipedia/commons/thumb/e/e5/Ajanta_cave_no._9_2010.jpg/960px-Ajanta_cave_no._9_2010.jpg?utm_source=commons.wikimedia.org&utm_campaign=imageinfo&utm_content=thumbnail | https://thumb.wikimedia.org/wikipedia/commons/thumb/5/5e/Ajanta_caves_panorama_2010.jpg/960px-Ajanta_caves_panorama_2010.jpg?utm_source=commons.wikimedia.org&utm_campaign=imageinfo&utm_content=thumbnail | https://thumb.wikimedia.org/wikipedia/commons/thumb/6/6e/Ajanta_caves_view.jpg/960px-Ajanta_caves_view.jpg?utm_source=commons.wikimedia.org&utm_campaign=imageinfo&utm_content=thumbnail
IND-HER-07,Ellora Caves & Kailash Temple,वेरूळ लेणी व कैलास मंदिर (Ellora Leni),UNESCO World Heritage Site,Monolithic Rock-Cut Temple Complex,Maharashtra,Chhatrapati Sambhaji Nagar (Aurangabad),20.0268,75.1793,W-MH-A2,243 (Inscribed 1983),Rashtrakuta Dynasty (King Krishna I for Kailash) & Yadava/Kalachuri,600 – 1000 CE (7th - 10th Century),"Dravidian Monolithic Rock-Cut (Multi-Religious: Hindu, Buddhist, Jain)","Monolithic Basalt Cliff (Top-down vertical excavation, Deccan Trap)","34 major caves spanning 2 km; Cave 16 (Kailash): 50m long, 33m wide, 30m high; 200,000 tons of rock excavated","Cave 16 Kailash Temple Monolithic Shikhara, Ravana Shaking Mount Kailash Relief, Life-size Elephants & Dhwajasthambha, Cave 10 Vishwakarma Carpenter's Cave, Cave 32 Indra Sabha","Cave 16 (Kailashatha) is the largest monolithic rock sculpture in the world, carved from top to bottom without scaffolding or joined masonry. Over 200,000 tonnes of basalt were chiselled away using simple iron picks and wedges. Demonstrates exceptional religious harmony with 17 Hindu caves, 12 Buddhist caves, and 5 Jain caves co-existing on the same basalt escarpment.",Open sunrise to sunset (Closed Tuesdays). Golf carts available on site. Direct flights and trains to Aurangabad.,"Daulatabad Fort (15 km), Grishneshwar Jyotirlinga (1 km), Ajanta Caves (100 km)",Archaeological Survey of India (Aurangabad Circle) & UNESCO Dossier No. 243,https://thumb.wikimedia.org/wikipedia/commons/thumb/8/8a/Courtyard_and_Mahabharata_Reliefs_at_the_Kailasa_Temple%2C_Ellora_01.jpg/960px-Courtyard_and_Mahabharata_Reliefs_at_the_Kailasa_Temple%2C_Ellora_01.jpg?utm_source=commons.wikimedia.org&utm_campaign=imageinfo&utm_content=thumbnail,7,https://thumb.wikimedia.org/wikipedia/commons/thumb/8/8a/Courtyard_and_Mahabharata_Reliefs_at_the_Kailasa_Temple%2C_Ellora_01.jpg/960px-Courtyard_and_Mahabharata_Reliefs_at_the_Kailasa_Temple%2C_Ellora_01.jpg?utm_source=commons.wikimedia.org&utm_campaign=imageinfo&utm_content=thumbnail | https://thumb.wikimedia.org/wikipedia/commons/thumb/9/9e/Ellora_Cave_16_Kailasa_Temple.jpg/960px-Ellora_Cave_16_Kailasa_Temple.jpg?utm_source=commons.wikimedia.org&utm_campaign=imageinfo&utm_content=thumbnail | https://thumb.wikimedia.org/wikipedia/commons/thumb/4/45/Ellora_caves_-_Kailasa_Temple_%28cave_16%29_vrvbajel0924_%28461%29.jpg/960px-Ellora_caves_-_Kailasa_Temple_%28cave_16%29_vrvbajel0924_%28461%29.jpg?utm_source=commons.wikimedia.org&utm_campaign=imageinfo&utm_content=thumbnail | https://thumb.wikimedia.org/wikipedia/commons/thumb/7/7e/DSC05774_Ellora_Caves%2C_Kailash_Temple%2C_Aurangabad%2C_India.jpg/960px-DSC05774_Ellora_Caves%2C_Kailash_Temple%2C_Aurangabad%2C_India.jpg?utm_source=commons.wikimedia.org&utm_campaign=imageinfo&utm_content=thumbnail | https://thumb.wikimedia.org/wikipedia/commons/thumb/f/f1/Ellora_Caves%2C_India%2C_Kailash_Temple%2C_Majestic_Interior.jpg/960px-Ellora_Caves%2C_India%2C_Kailash_Temple%2C_Majestic_Interior.jpg?utm_source=commons.wikimedia.org&utm_campaign=imageinfo&utm_content=thumbnail | https://thumb.wikimedia.org/wikipedia/commons/thumb/f/f6/Ellora_Caves_-_Cave_16_%28Kailash_Temple%29.JPG/960px-Ellora_Caves_-_Cave_16_%28Kailash_Temple%29.JPG?utm_source=commons.wikimedia.org&utm_campaign=imageinfo&utm_content=thumbnail | https://thumb.wikimedia.org/wikipedia/commons/thumb/a/a7/External_view_of_the_cave_16%2C_kailash_temple%2C_Ellora_caves.jpg/960px-External_view_of_the_cave_16%2C_kailash_temple%2C_Ellora_caves.jpg?utm_source=commons.wikimedia.org&utm_campaign=imageinfo&utm_content=thumbnail
IND-HER-08,Konark Sun Temple (The Black Pagoda),କୋଣାର୍କ ସୂର୍ଯ୍ୟ ମନ୍ଦିର (Konark Sun Temple),UNESCO World Heritage Site,Kalinga Monumental Chariot Temple,Odisha,"Puri District, Konark",19.8876,86.0945,E-OD-1,246 (Inscribed 1984),Eastern Ganga Dynasty (King Narasimhadeva I),1250 CE (13th Century),Kalinga Architecture (Rekha Deula and Pidha Deula),"Khondalite Sandstone, Chlorite stone doorframes, Iron dowels and magnetic stone lodestone clamps",Jagamohana Height: 39 m (128 ft); Original Rekha Deula estimated at 70 m (collapsed); 24 carved stone wheels of 3m diameter,"24 Intricately Carved Sundial Wheels (Spokes tell exact time), 7 Galloping Horses representing days of week, Natya Mandapa with 128 dance poses, Chlorite Stone Sun God (Surya) Statues, Erotic Mithuna Sculptures","Conceived as a colossal 24-wheeled chariot carrying the Sun God Surya across the heavens, pulled by 7 spirited horses. European mariners called it the 'Black Pagoda' because its dark iron lodestone tower was said to exert magnetic pull on passing ships' navigational compasses. Legend attributes the final stone placement to 12-year-old child prodigy Dharmapada.",Open 06:00 AM to 08:00 PM daily. Annual Konark Dance Festival held every December in the Natya Mandapa.,"Chandrabhaga Beach (3 km), Puri Jagannath Temple (35 km), Bhubaneswar Temples (65 km)",Archaeological Survey of India (Bhubaneswar Circle) & UNESCO WHC Dossier No. 246,https://thumb.wikimedia.org/wikipedia/commons/thumb/8/8b/Closeup_of_the_center_of_a_stone_wheel_-_Konark_Sun_Temple%2C_Orissa%2C_India.jpg/960px-Closeup_of_the_center_of_a_stone_wheel_-_Konark_Sun_Temple%2C_Orissa%2C_India.jpg?utm_source=commons.wikimedia.org&utm_campaign=imageinfo&utm_content=thumbnail,7,https://thumb.wikimedia.org/wikipedia/commons/thumb/8/8b/Closeup_of_the_center_of_a_stone_wheel_-_Konark_Sun_Temple%2C_Orissa%2C_India.jpg/960px-Closeup_of_the_center_of_a_stone_wheel_-_Konark_Sun_Temple%2C_Orissa%2C_India.jpg?utm_source=commons.wikimedia.org&utm_campaign=imageinfo&utm_content=thumbnail | https://thumb.wikimedia.org/wikipedia/commons/thumb/9/93/Konark_Sun_Temple_%281%29.jpg/960px-Konark_Sun_Temple_%281%29.jpg?utm_source=commons.wikimedia.org&utm_campaign=imageinfo&utm_content=thumbnail | https://thumb.wikimedia.org/wikipedia/commons/thumb/b/bb/Konark_Sun_Temple_%282%29.jpg/960px-Konark_Sun_Temple_%282%29.jpg?utm_source=commons.wikimedia.org&utm_campaign=imageinfo&utm_content=thumbnail | https://thumb.wikimedia.org/wikipedia/commons/thumb/4/41/13th_Century_sculptures_at_Konark_Sun_Temple_Puri_district%2C_Odisha%2C_India.jpg/960px-13th_Century_sculptures_at_Konark_Sun_Temple_Puri_district%2C_Odisha%2C_India.jpg?utm_source=commons.wikimedia.org&utm_campaign=imageinfo&utm_content=thumbnail | https://upload.wikimedia.org/wikipedia/commons/f/fd/Door_in_the_eastern_face_of_the_black_pagoda_%28konark_temple%29.jpg?utm_source=commons.wikimedia.org&utm_campaign=imageinfo&utm_content=thumbnail_unscaled | https://thumb.wikimedia.org/wikipedia/commons/thumb/6/6c/Konark_Sun_Temple%2C_Odisha%2C_India.jpg/960px-Konark_Sun_Temple%2C_Odisha%2C_India.jpg?utm_source=commons.wikimedia.org&utm_campaign=imageinfo&utm_content=thumbnail | https://thumb.wikimedia.org/wikipedia/commons/thumb/6/6d/Konark_Sun_Temple%2C_Odisha%2C_India_3.jpg/960px-Konark_Sun_Temple%2C_Odisha%2C_India_3.jpg?utm_source=commons.wikimedia.org&utm_campaign=imageinfo&utm_content=thumbnail
IND-HER-09,Khajuraho Group of Monuments,खजुराहो स्मारक समूह (Khajuraho Temples),UNESCO World Heritage Site,Nagara Temple Complex (Hindu & Jain),Madhya Pradesh,"Chhatarpur District, Khajuraho",24.8318,79.9199,C-MP-1,240 (Inscribed 1986),"Chandela Dynasty (Kings Dhanga, Ganda, and Vidyadhara)",950 – 1050 CE (10th-11th Century),Nagara Style (Sandhara & Latina temples with curvilinear Shikharas),"Buff and Pink Fine-grained Sandstone from Panna quarries, Granite foundation plinths","Kandariya Mahadeva Height: 31 m (102 ft); 25 surviving temples clustered in Western, Eastern, and Southern groups","Kandariya Mahadeva Shikhara representing Mount Kailash, Lakshmana Temple Vaikuntha Vishnu, Chausath Yogini Temple, Parshvanatha Jain Temple, Intricate Mithuna friezes, Celestial Apsaras","Constructed during the zenith of Chandela Rajput power. The temples celebrate the four purusharthas (Dharma, Artha, Kama, Moksha). Kandariya Mahadeva alone features 872 meticulously carved sculptures, representing the microcosm of cosmic existence. Hidden inside dense sal forests for centuries, protecting them from Delhi Sultanate iconoclasts until rediscovered by British surveyor T.S. Burt in 1838.",Open sunrise to sunset. Western Group has automated audio guide kiosks and evening Sound & Light show. Khajuraho Airport (HJR) connects to Delhi and Varanasi.,"Panna National Park & Tiger Reserve (25 km), Raneh Falls (20 km), Kalinjar Fort (100 km)",Archaeological Survey of India (Bhopal Circle) & UNESCO WHC Dossier No. 240,https://thumb.wikimedia.org/wikipedia/commons/thumb/7/70/Homosexuality_in_Khajuraho_sculpture.jpg/960px-Homosexuality_in_Khajuraho_sculpture.jpg?utm_source=commons.wikimedia.org&utm_campaign=imageinfo&utm_content=thumbnail,7,https://thumb.wikimedia.org/wikipedia/commons/thumb/7/70/Homosexuality_in_Khajuraho_sculpture.jpg/960px-Homosexuality_in_Khajuraho_sculpture.jpg?utm_source=commons.wikimedia.org&utm_campaign=imageinfo&utm_content=thumbnail | https://thumb.wikimedia.org/wikipedia/commons/thumb/5/55/Kandariya_Mahadeva_Temple%2C_Khajuraho%2C_Madhya_Pradesh%2C_India_001.jpg/960px-Kandariya_Mahadeva_Temple%2C_Khajuraho%2C_Madhya_Pradesh%2C_India_001.jpg?utm_source=commons.wikimedia.org&utm_campaign=imageinfo&utm_content=thumbnail | https://thumb.wikimedia.org/wikipedia/commons/thumb/f/fe/Kandariya_Mahadeva_Temple%2C_Khajuraho%2C_Madhya_Pradesh%2C_India_002.jpg/960px-Kandariya_Mahadeva_Temple%2C_Khajuraho%2C_Madhya_Pradesh%2C_India_002.jpg?utm_source=commons.wikimedia.org&utm_campaign=imageinfo&utm_content=thumbnail | https://thumb.wikimedia.org/wikipedia/commons/thumb/c/cd/Khajuraho_group_of_monuments_1.jpg/960px-Khajuraho_group_of_monuments_1.jpg?utm_source=commons.wikimedia.org&utm_campaign=imageinfo&utm_content=thumbnail | https://thumb.wikimedia.org/wikipedia/commons/thumb/b/b1/Khajuraho_group_of_monuments_2.jpg/960px-Khajuraho_group_of_monuments_2.jpg?utm_source=commons.wikimedia.org&utm_campaign=imageinfo&utm_content=thumbnail | https://thumb.wikimedia.org/wikipedia/commons/thumb/a/ab/Khajuraho_group_of_monuments_3.jpg/960px-Khajuraho_group_of_monuments_3.jpg?utm_source=commons.wikimedia.org&utm_campaign=imageinfo&utm_content=thumbnail | https://thumb.wikimedia.org/wikipedia/commons/thumb/6/63/Khajuraho_group_of_monuments_4.jpg/960px-Khajuraho_group_of_monuments_4.jpg?utm_source=commons.wikimedia.org&utm_campaign=imageinfo&utm_content=thumbnail
IND-HER-10,Hampi (Ruins of the Vijayanagara Empire),ಹಂಪಿ (Hampi Vijayanagara),UNESCO World Heritage Site,Medieval Imperial Capital & Fortified Temple City,Karnataka,"Vijayanagara District, Hosapete",15.335,76.46,S-KA-1,241 (Inscribed 1986),"Vijayanagara Empire (Sangama, Saluva, Tuluva & Aravidu dynasties; Krishna Deva Raya)",1336 – 1565 CE (14th-16th Century),Vijayanagara Dravidian (Massive granite monolithic structures with musical pillars),"Local Porphyritic Granite Boulders, Lime plaster, Timber roofing","Spans over 4,187 hectares (41.8 sq km); Over 1,600 surviving monuments amidst boulder-strewn hills","Stone Chariot at Vijaya Vittala Temple, 56 Musical Pillars (SaReGaMa), Virupaksha Temple 50m Gopuram, Lotus Mahal, Royal Elephant Stables, Queen's Bath, Monolithic Narasimha","Second-largest city in the medieval world in 1500 CE after Beijing, described by Portuguese traveler Domingo Paes as overflowing with rubies, diamonds, and silks. Capital of emperor Krishna Deva Raya. Sacked, burned, and looted for 6 months following the Battle of Talikota in 1565 by the combined Deccan Sultanates.",Open 06:00 AM to 06:00 PM. Bicycle and electric scooter rentals popular. Nearest railway station: Hosapete (13 km).,"Tungabhadra Dam (16 km), Anegundi Kishkindha (5 km across river by coracle), Daroji Sloth Bear Sanctuary (20 km)",Archaeological Survey of India (Hampi Mini Circle) & Hampi World Heritage Area Management Authority,https://thumb.wikimedia.org/wikipedia/commons/thumb/2/2a/Hampi_Garuda_stone_chariot.jpg/960px-Hampi_Garuda_stone_chariot.jpg?utm_source=commons.wikimedia.org&utm_campaign=imageinfo&utm_content=thumbnail,7,https://thumb.wikimedia.org/wikipedia/commons/thumb/2/2a/Hampi_Garuda_stone_chariot.jpg/960px-Hampi_Garuda_stone_chariot.jpg?utm_source=commons.wikimedia.org&utm_campaign=imageinfo&utm_content=thumbnail | https://thumb.wikimedia.org/wikipedia/commons/thumb/b/ba/Iconic_Stone_Chariot_%40_Vittala_Temple%2C_Hampi%2C_Karnataka.jpg/960px-Iconic_Stone_Chariot_%40_Vittala_Temple%2C_Hampi%2C_Karnataka.jpg?utm_source=commons.wikimedia.org&utm_campaign=imageinfo&utm_content=thumbnail | https://thumb.wikimedia.org/wikipedia/commons/thumb/c/cb/Stone_Chariot%2C_Hampi_2.jpg/960px-Stone_Chariot%2C_Hampi_2.jpg?utm_source=commons.wikimedia.org&utm_campaign=imageinfo&utm_content=thumbnail | https://thumb.wikimedia.org/wikipedia/commons/thumb/4/45/14th-16th_century_court_quarter_ruins_Vijayanagara%2C_Hampi_monuments_Karnataka.jpg/960px-14th-16th_century_court_quarter_ruins_Vijayanagara%2C_Hampi_monuments_Karnataka.jpg?utm_source=commons.wikimedia.org&utm_campaign=imageinfo&utm_content=thumbnail | https://thumb.wikimedia.org/wikipedia/commons/thumb/7/76/Ancient_ruins_of_elephant_Stable%2C_HAMPI.jpg/960px-Ancient_ruins_of_elephant_Stable%2C_HAMPI.jpg?utm_source=commons.wikimedia.org&utm_campaign=imageinfo&utm_content=thumbnail | https://thumb.wikimedia.org/wikipedia/commons/thumb/c/c5/Hampi%2C_India%2C_Sri_Krishna_Temple%2C_Ancient_ruins_of_Hampi.jpg/960px-Hampi%2C_India%2C_Sri_Krishna_Temple%2C_Ancient_ruins_of_Hampi.jpg?utm_source=commons.wikimedia.org&utm_campaign=imageinfo&utm_content=thumbnail | https://thumb.wikimedia.org/wikipedia/commons/thumb/6/64/Hampi%2C_India%2C_Stone_sculptures_of_Sri_Krishna_Temple%2C_Ancient_ruins_of_Hampi.jpg/960px-Hampi%2C_India%2C_Stone_sculptures_of_Sri_Krishna_Temple%2C_Ancient_ruins_of_Hampi.jpg?utm_source=commons.wikimedia.org&utm_campaign=imageinfo&utm_content=thumbnail
IND-HER-11,Rani ki Vav (The Queen's Stepwell),રાણકી વાવ (Rani ki Vav),UNESCO World Heritage Site,Subterranean Stepwell Hydraulic Sanctuary,Gujarat,"Patan District, Patan",23.8589,72.1018,W-GJ-1,922 (Inscribed 2014),Chaulukya / Solanki Dynasty (Queen Udayamati for King Bhima I),1063 – 1083 CE (11th Century),Māru-Gurjara Subterranean Temple Architecture,"Dhrangadhra Sandstone with interlocking dry-stone masonry, Lime mortar",Length: 64 m (210 ft); Width: 20 m (66 ft); Depth: 28 m (92 ft) across 7 terraced levels,"Seven Subterranean Stepped Terraces, Central Sheshashayi Vishnu reclining on Sheshanaga, Dashavatara (10 avatars of Vishnu) wall panels, 500 major sculptures, Circular deep well shaft","Designed as an inverted temple highlighting the sacredness of water in the arid desert of Gujarat. Built by Queen Udayamati as a memorial stepwell for her deceased husband King Bhima I. Silted over by the Saraswati River floods for over 800 years, which miraculously preserved its 500 master stone reliefs in mint condition until excavated by ASI in the 1980s. Featured on the new Indian ₹100 currency note.",Open 08:00 AM to 06:00 PM daily. Excellent wheelchair accessibility down to terrace level 1. Best morning lighting for photography.,"Patan Patola Saree Weaving Center (2 km), Modhera Sun Temple (35 km), Sidhpur Havelis (30 km)",Archaeological Survey of India (Vadodara Circle) & UNESCO WHC Dossier No. 922,https://thumb.wikimedia.org/wikipedia/commons/thumb/8/8f/Rani_ki_vav_-_Patan_-_Gujarat_-_Wall_Decorations.jpg/960px-Rani_ki_vav_-_Patan_-_Gujarat_-_Wall_Decorations.jpg?utm_source=commons.wikimedia.org&utm_campaign=imageinfo&utm_content=thumbnail,7,https://thumb.wikimedia.org/wikipedia/commons/thumb/8/8f/Rani_ki_vav_-_Patan_-_Gujarat_-_Wall_Decorations.jpg/960px-Rani_ki_vav_-_Patan_-_Gujarat_-_Wall_Decorations.jpg?utm_source=commons.wikimedia.org&utm_campaign=imageinfo&utm_content=thumbnail | https://thumb.wikimedia.org/wikipedia/commons/thumb/0/01/Rani_ki_vav_10.jpg/960px-Rani_ki_vav_10.jpg?utm_source=commons.wikimedia.org&utm_campaign=imageinfo&utm_content=thumbnail | https://thumb.wikimedia.org/wikipedia/commons/thumb/e/e4/Rani_ki_vav_12.jpg/960px-Rani_ki_vav_12.jpg?utm_source=commons.wikimedia.org&utm_campaign=imageinfo&utm_content=thumbnail | https://thumb.wikimedia.org/wikipedia/commons/thumb/2/23/Rani_ki_vav_-_Patan_-_Gujarat_-_DSC002.jpg/960px-Rani_ki_vav_-_Patan_-_Gujarat_-_DSC002.jpg?utm_source=commons.wikimedia.org&utm_campaign=imageinfo&utm_content=thumbnail | https://thumb.wikimedia.org/wikipedia/commons/thumb/a/a4/Rani_ki_vav_15.jpg/960px-Rani_ki_vav_15.jpg?utm_source=commons.wikimedia.org&utm_campaign=imageinfo&utm_content=thumbnail | https://thumb.wikimedia.org/wikipedia/commons/thumb/9/96/Sculptures_in_Rani_ki_vav_01.jpg/960px-Sculptures_in_Rani_ki_vav_01.jpg?utm_source=commons.wikimedia.org&utm_campaign=imageinfo&utm_content=thumbnail | https://thumb.wikimedia.org/wikipedia/commons/thumb/1/16/Sculptures_in_Rani_ki_vav_02.jpg/960px-Sculptures_in_Rani_ki_vav_02.jpg?utm_source=commons.wikimedia.org&utm_campaign=imageinfo&utm_content=thumbnail
IND-HER-12,Group of Monuments at Mahabalipuram,மாமல்லபுரம் சிற்பங்கள் (Mamallapuram),UNESCO World Heritage Site,Monolithic Rock-Cut & Structural Temples,Tamil Nadu,"Chengalpattu District, Mamallapuram",12.6269,80.1927,S-TN-1,249 (Inscribed 1984),Pallava Dynasty (Narasimhavarman I Mamalla & Rajasimha),7th – 8th Century CE,Early Dravidian Pallava Rock-Cut & Structural Architecture,"Grey Granite Boulders, Monolithic Diorite Outcrops, Dressed coastal granite blocks",Relief: 29m x 13m; Pancha Rathas monolithic campus; Shore temple twin structural towers,"Shore Temple facing Bay of Bengal, Descent of the Ganges (Arjuna's Penance) Bas-Relief, Pancha Rathas (Dharmaraja, Bhima, Arjuna, Nakula-Sahadeva, Draupadi), Krishna's Butterball (250-ton precariously balanced boulder)","Built as the primary naval and merchant port of the Pallava Empire trading with Sri Lanka, Java, and China. 'Descent of the Ganges' is one of the world's largest open-air rock bas-reliefs, carved onto two monolithic boulders with a natural cleft depicting the cosmic descent of the sacred river. Survived the catastrophic 2004 Indian Ocean Tsunami, which exposed submerged foundational temple blocks offshore.",Open 06:00 AM to 06:00 PM daily. Combined entry ticket covers Shore Temple and Five Rathas. Distance from Chennai: 55 km via scenic East Coast Road (ECR).,"DakshinaChitra Heritage Museum (30 km), Kanchipuram Temple City (65 km), Chennai (55 km)",Archaeological Survey of India (Chennai Circle) & UNESCO WHC Dossier No. 249,https://thumb.wikimedia.org/wikipedia/commons/thumb/f/f0/Mahabalipuram_Shore_Temple%2C_Tamil_Nadu.jpg/960px-Mahabalipuram_Shore_Temple%2C_Tamil_Nadu.jpg?utm_source=commons.wikimedia.org&utm_campaign=imageinfo&utm_content=thumbnail,7,https://thumb.wikimedia.org/wikipedia/commons/thumb/f/f0/Mahabalipuram_Shore_Temple%2C_Tamil_Nadu.jpg/960px-Mahabalipuram_Shore_Temple%2C_Tamil_Nadu.jpg?utm_source=commons.wikimedia.org&utm_campaign=imageinfo&utm_content=thumbnail | https://thumb.wikimedia.org/wikipedia/commons/thumb/5/58/Mahabalipuram_Shore_Temple-Mahabalipuram-Tamil_Nadu-DSC0001.jpg/960px-Mahabalipuram_Shore_Temple-Mahabalipuram-Tamil_Nadu-DSC0001.jpg?utm_source=commons.wikimedia.org&utm_campaign=imageinfo&utm_content=thumbnail | https://thumb.wikimedia.org/wikipedia/commons/thumb/0/0e/Mamallapuram%2C_Shore_Temple%2C_India.jpg/960px-Mamallapuram%2C_Shore_Temple%2C_India.jpg?utm_source=commons.wikimedia.org&utm_campaign=imageinfo&utm_content=thumbnail | https://thumb.wikimedia.org/wikipedia/commons/thumb/0/04/Elephant_Reliefs_at_the_Group_of_Monuments_at_Mahabalipuram.jpg/960px-Elephant_Reliefs_at_the_Group_of_Monuments_at_Mahabalipuram.jpg?utm_source=commons.wikimedia.org&utm_campaign=imageinfo&utm_content=thumbnail | https://thumb.wikimedia.org/wikipedia/commons/thumb/4/45/Elephant_Reliefs_at_the_Group_of_Monuments_at_Mahabalipuram_1994.jpg/960px-Elephant_Reliefs_at_the_Group_of_Monuments_at_Mahabalipuram_1994.jpg?utm_source=commons.wikimedia.org&utm_campaign=imageinfo&utm_content=thumbnail | https://thumb.wikimedia.org/wikipedia/commons/thumb/e/e3/Mahabalipuram_-_55438890607.jpg/960px-Mahabalipuram_-_55438890607.jpg?utm_source=commons.wikimedia.org&utm_campaign=imageinfo&utm_content=thumbnail | https://thumb.wikimedia.org/wikipedia/commons/thumb/b/bd/Mahabalipuram_-_55439972113.jpg/960px-Mahabalipuram_-_55439972113.jpg?utm_source=commons.wikimedia.org&utm_campaign=imageinfo&utm_content=thumbnail
IND-HER-13,Buddhist Monuments at Sanchi (Great Stupa 1),सांची का महान स्तूप (Sanchi Stupa),UNESCO World Heritage Site,Buddhist Reliquary Stupa & Monastic Complex,Madhya Pradesh,"Raisen District, Sanchi",23.4794,77.7397,C-MP-2,524 (Inscribed 1989),"Maurya Empire (Emperor Ashoka), Shunga & Satavahana Dynasties",3rd Century BCE – 1st Century CE,Classical Buddhist Stupa with Torana Gateways,"Local Sandstone Blocks, Core burnt brick hemispherical dome, Polished Chunar stone Ashokan Pillar",Dome Height: 16.5 m (54 ft); Dome Diameter: 36.5 m (120 ft); Four 10m high Toranas,"Four Ornate Torana Gateways (North, South, East, West), Shalabhanjika Yakshi Bracket figures, Ashoka Lion Pillar Capital fragment, Circumambulatory Pradakshina Path, Great Bowl, Stupa 3","Oldest stone structure in India, originally commissioned by Emperor Ashoka over the relics of the Buddha. The elaborate stone Torana gateways added by Satavahana craftsmen mimic earlier wooden carpentry techniques, illustrating Jataka stories and the life of Gautama Buddha in aniconic symbolic form (Bodhi tree, throne, footprints, dharmachakra).",Open sunrise to sunset. ASI on-site archaeological museum displays original Mauryan pillar capitals. Nearest major junction: Bhopal (46 km).,"Udayagiri Caves (10 km), Vidisha Heliodorus Pillar (12 km), Tropic of Cancer Marker (15 km)",Archaeological Survey of India (Bhopal Circle) & UNESCO Dossier No. 524,https://thumb.wikimedia.org/wikipedia/commons/thumb/1/19/Buddha_Statue%2C_Sanchi_01.jpg/960px-Buddha_Statue%2C_Sanchi_01.jpg?utm_source=commons.wikimedia.org&utm_campaign=imageinfo&utm_content=thumbnail,7,https://thumb.wikimedia.org/wikipedia/commons/thumb/1/19/Buddha_Statue%2C_Sanchi_01.jpg/960px-Buddha_Statue%2C_Sanchi_01.jpg?utm_source=commons.wikimedia.org&utm_campaign=imageinfo&utm_content=thumbnail | https://thumb.wikimedia.org/wikipedia/commons/thumb/1/14/Eastern_Gateway_of_The_Great_stupa%2C_Sanchi_02.jpg/960px-Eastern_Gateway_of_The_Great_stupa%2C_Sanchi_02.jpg?utm_source=commons.wikimedia.org&utm_campaign=imageinfo&utm_content=thumbnail | https://thumb.wikimedia.org/wikipedia/commons/thumb/3/35/Great_Budhha_Sanchi_Stupa.jpg/960px-Great_Budhha_Sanchi_Stupa.jpg?utm_source=commons.wikimedia.org&utm_campaign=imageinfo&utm_content=thumbnail | https://thumb.wikimedia.org/wikipedia/commons/thumb/c/c3/Ashoka%E2%80%99s_Pillar_at_Sanchi_Stup_%282%29.jpg/960px-Ashoka%E2%80%99s_Pillar_at_Sanchi_Stup_%282%29.jpg?utm_source=commons.wikimedia.org&utm_campaign=imageinfo&utm_content=thumbnail | https://thumb.wikimedia.org/wikipedia/commons/thumb/9/9e/Great_Sanchi_Stupa_%283%29.jpg/960px-Great_Sanchi_Stupa_%283%29.jpg?utm_source=commons.wikimedia.org&utm_campaign=imageinfo&utm_content=thumbnail | https://thumb.wikimedia.org/wikipedia/commons/thumb/3/31/Great_Sanchi_Stupa_Gallery_%281%29.jpg/960px-Great_Sanchi_Stupa_Gallery_%281%29.jpg?utm_source=commons.wikimedia.org&utm_campaign=imageinfo&utm_content=thumbnail | https://thumb.wikimedia.org/wikipedia/commons/thumb/3/32/North_Torana%2C_Sanchi_02.jpg/960px-North_Torana%2C_Sanchi_02.jpg?utm_source=commons.wikimedia.org&utm_campaign=imageinfo&utm_content=thumbnail
IND-HER-14,Brihadisvara Temple (Peruvudaiyar Kovil),தஞ்சைப் பெருவுடையார் கோயில் (Brihadisvara),UNESCO World Heritage Site,Great Living Chola Temple,Tamil Nadu,"Thanjavur District, Thanjavur",10.7828,79.1318,S-TN-2,250bis (Inscribed 1987),Chola Dynasty (Emperor Rajaraja Chola I),1003 – 1010 CE (11th Century),Apex Dravidian Chola Temple Architecture,"Interlocking Monolithic Granite Blocks (Dry-masonry without mortar), Chola fresco tempera",Vimana Height: 66 m (216 ft); Kumbam (Cap-stone) Weight: 80 tonnes; Monolithic Nandi: 20 tonnes,"16-Storey Pyramidal Vimana, 80-tonne Single Granite Kumbam Capstone, Monolithic Nandi Bull Pavilion, Chola Frescoes in Inner Ambulatory, Epigraphical Tamil Inscriptions of Chola Donors","Dedicated to Lord Shiva as Dakshinamurti and Rajarajeshwaram. Built to celebrate Emperor Rajaraja I's oceanic and northern conquests. Over 130,000 tonnes of granite were hauled to the site despite no granite quarries existing within 60 km. The 80-tonne granite octagonal apex stone was rolled to the top of the 66-meter tower using an inclined earthen ramp over 6 km long.",Open 06:00 AM to 12:30 PM & 04:00 PM to 08:30 PM. Living temple with daily poojas. Barefoot entry inside inner sanctum mandatory.,"Thanjavur Maratha Palace & Saraswathi Mahal Library (1.5 km), Gangaikonda Cholapuram (70 km), Kumbakonam (40 km)",Archaeological Survey of India (Trichy Circle) & HR&CE Department Tamil Nadu,https://thumb.wikimedia.org/wikipedia/commons/thumb/d/dd/Brihadisvara_Temple_during_Maha_Shivaratri-WUS03611_%28edit%29.jpg/960px-Brihadisvara_Temple_during_Maha_Shivaratri-WUS03611_%28edit%29.jpg?utm_source=commons.wikimedia.org&utm_campaign=imageinfo&utm_content=thumbnail,7,https://thumb.wikimedia.org/wikipedia/commons/thumb/d/dd/Brihadisvara_Temple_during_Maha_Shivaratri-WUS03611_%28edit%29.jpg/960px-Brihadisvara_Temple_during_Maha_Shivaratri-WUS03611_%28edit%29.jpg?utm_source=commons.wikimedia.org&utm_campaign=imageinfo&utm_content=thumbnail | https://thumb.wikimedia.org/wikipedia/commons/thumb/e/e8/Brihadisvara_temple-Thanjavur-Tamilnadu.jpg/960px-Brihadisvara_temple-Thanjavur-Tamilnadu.jpg?utm_source=commons.wikimedia.org&utm_campaign=imageinfo&utm_content=thumbnail | https://thumb.wikimedia.org/wikipedia/commons/thumb/e/ec/Top_of_Brihadisvara_Temple%2C_Thanjavur.jpg/960px-Top_of_Brihadisvara_Temple%2C_Thanjavur.jpg?utm_source=commons.wikimedia.org&utm_campaign=imageinfo&utm_content=thumbnail | https://thumb.wikimedia.org/wikipedia/commons/thumb/a/ac/Brihadisvara_Temple_-_Thanjavur_peruvudaiyar_kovil_ttkcvrvb122k23iph_%28187%29.jpg/960px-Brihadisvara_Temple_-_Thanjavur_peruvudaiyar_kovil_ttkcvrvb122k23iph_%28187%29.jpg?utm_source=commons.wikimedia.org&utm_campaign=imageinfo&utm_content=thumbnail | https://thumb.wikimedia.org/wikipedia/commons/thumb/7/79/Brihadisvara_Temple_-_Thanjavur_peruvudaiyar_kovil_ttkcvrvb122k23iph_%2827%29.jpg/960px-Brihadisvara_Temple_-_Thanjavur_peruvudaiyar_kovil_ttkcvrvb122k23iph_%2827%29.jpg?utm_source=commons.wikimedia.org&utm_campaign=imageinfo&utm_content=thumbnail | https://thumb.wikimedia.org/wikipedia/commons/thumb/f/fb/Brihadisvara_Temple_-_Thanjavur_peruvudaiyar_kovil_ttkcvrvb122k23iph_%28389%29.jpg/960px-Brihadisvara_Temple_-_Thanjavur_peruvudaiyar_kovil_ttkcvrvb122k23iph_%28389%29.jpg?utm_source=commons.wikimedia.org&utm_campaign=imageinfo&utm_content=thumbnail | https://thumb.wikimedia.org/wikipedia/commons/thumb/1/1e/Brihadisvara_Temple_-_Thanjavur_peruvudaiyar_kovil_ttkcvrvb122k23iph_%28500%29.jpg/960px-Brihadisvara_Temple_-_Thanjavur_peruvudaiyar_kovil_ttkcvrvb122k23iph_%28500%29.jpg?utm_source=commons.wikimedia.org&utm_campaign=imageinfo&utm_content=thumbnail
IND-HER-15,Hawa Mahal (Palace of Winds),हवा महल (Hawa Mahal),Centrally Protected Monument (ASI),Rajput Screened Palace Pavilion,Rajasthan,"Jaipur District, Jaipur (Pink City)",26.9239,75.8267,W-RJ-1,Component of Jaipur City UNESCO Site 1478,Kachwaha Rajput Dynasty (Maharaja Sawai Pratap Singh),1799 CE (Late 18th Century),Rajput-Mughal Fusion (Form of Lord Krishna's Mukut/Crown),"Local Pink and Red Banded Sandstone, White Chunam (Lime) plaster detailing",Height: 15 m (50 ft); 5 Storeys; Only 20 cm thick at the top floor wall,"953 Intricately Carved Jharokhas (Oriel Screen Windows), Venturi Effect Air Circulation Channels, Autumn (Sharad) & Light (Prakash) Mandirs, Stained Glass Windows, Courtyard Fountains","Designed by Lal Chand Ustad in the shape of Lord Krishna's crown. The 953 honeycombed jharokha casements allowed royal purdah-observing women to observe daily bazaar life, religious processions, and military parades unseen from the street. The unique microclimate channels harness the Venturi effect, maintaining breezy temperatures even during scorching 45°C Rajasthani summers.",Open 09:00 AM to 05:00 PM. Best front facade photography: Early morning (07:30 to 09:00 AM) when the rising sun illuminates the pink stone. Rooftop cafes directly opposite provide bird's-eye views.,"City Palace Jaipur (300m), Jantar Mantar (400m), Albert Hall Museum (2 km)",Archaeological Survey of India (Jaipur Circle) & Department of Archaeology Rajasthan,https://upload.wikimedia.org/wikipedia/commons/f/f9/Hawa_Mahal_-_Jaipur_India.jpg?utm_source=commons.wikimedia.org&utm_campaign=imageinfo&utm_content=thumbnail_unscaled,7,https://upload.wikimedia.org/wikipedia/commons/f/f9/Hawa_Mahal_-_Jaipur_India.jpg?utm_source=commons.wikimedia.org&utm_campaign=imageinfo&utm_content=thumbnail_unscaled | https://upload.wikimedia.org/wikipedia/commons/c/c3/Hawa_Mahal_in_the_1890s.jpg?utm_source=commons.wikimedia.org&utm_campaign=imageinfo&utm_content=thumbnail_unscaled | https://upload.wikimedia.org/wikipedia/commons/2/20/Hawa_Mahal_in_the_1900s.jpg?utm_source=commons.wikimedia.org&utm_campaign=imageinfo&utm_content=thumbnail_unscaled | https://thumb.wikimedia.org/wikipedia/commons/thumb/a/a8/20191218%2C_Hawa_Mahal_%28The_Palace_of_Winds%29_in_Jaipur%2C_1128_9119.jpg/960px-20191218%2C_Hawa_Mahal_%28The_Palace_of_Winds%29_in_Jaipur%2C_1128_9119.jpg?utm_source=commons.wikimedia.org&utm_campaign=imageinfo&utm_content=thumbnail | https://thumb.wikimedia.org/wikipedia/commons/thumb/6/65/20191218_Hawa_Mahal_%28The_Palace_of_Winds%29_in_Jaipur%2C_1150_9148.jpg/960px-20191218_Hawa_Mahal_%28The_Palace_of_Winds%29_in_Jaipur%2C_1150_9148.jpg?utm_source=commons.wikimedia.org&utm_campaign=imageinfo&utm_content=thumbnail | https://thumb.wikimedia.org/wikipedia/commons/thumb/1/12/20191218_Hawa_Mahal_%28The_Palace_of_Winds%29_in_Jaipur%2C_1156_9165.jpg/960px-20191218_Hawa_Mahal_%28The_Palace_of_Winds%29_in_Jaipur%2C_1156_9165.jpg?utm_source=commons.wikimedia.org&utm_campaign=imageinfo&utm_content=thumbnail | https://thumb.wikimedia.org/wikipedia/commons/thumb/b/b4/20191218_Pa%C5%82ac_Wiatr%C3%B3w_w_Jaipurze_1129_9124.jpg/960px-20191218_Pa%C5%82ac_Wiatr%C3%B3w_w_Jaipurze_1129_9124.jpg?utm_source=commons.wikimedia.org&utm_campaign=imageinfo&utm_content=thumbnail
IND-HER-16,Amer Fort & Palace,आमेर क़िला (Amer Durg),UNESCO World Heritage Site,Hill Fort & Rajput Royal Palace,Rajasthan,"Jaipur District, Amer",26.9855,75.8513,W-RJ-2,"247-001 (Hill Forts of Rajasthan, 2013)",Kachwaha Rajput Clan (Raja Man Singh I & Sawai Jai Singh),1592 – 1727 CE (16th-18th Century),Classical Rajput-Mughal Defensive Palace Architecture,"Yellow and Pink Sandstone, White Marble, Belgian Concave Convex Mirrors, Stucco plaster",Overlooks Maota Lake; Built across 4 courtyard levels connected by fortified ramparts to Jaigarh Fort,"Sheesh Mahal (Mirror Palace where a single candle illuminates the hall), Ganesh Pol Gateway with frescoes, Diwan-i-Aam with 27 pillars, Sukh Niwas water-cooled palace, Maota Lake Kesar Kyari garden","Constructed atop Cheel ka Teela (Hill of Eagles) by Akbar's commander-in-chief Raja Man Singh I. Features subterranean escape tunnels directly connecting Amer Palace to the higher military fortress of Jaigarh Fort, home to the 'Jaivana' cannon, the world's largest wheeled cannon of its era. Withstood multiple regional sieges.",Open 08:00 AM to 05:30 PM; Evening Sound & Light show (English/Hindi). Elephant rides available in morning hours; 4WD jeep transport available.,"Jaigarh Fort (1.5 km), Nahargarh Fort (6 km), Jal Mahal (4 km)",Department of Archaeology and Museums Rajasthan & UNESCO Dossier No. 247,https://thumb.wikimedia.org/wikipedia/commons/thumb/f/fb/20191219_Fort_Amber%2C_Amer%2C_Jaipur_0955_9481.jpg/960px-20191219_Fort_Amber%2C_Amer%2C_Jaipur_0955_9481.jpg?utm_source=commons.wikimedia.org&utm_campaign=imageinfo&utm_content=thumbnail,7,https://thumb.wikimedia.org/wikipedia/commons/thumb/f/fb/20191219_Fort_Amber%2C_Amer%2C_Jaipur_0955_9481.jpg/960px-20191219_Fort_Amber%2C_Amer%2C_Jaipur_0955_9481.jpg?utm_source=commons.wikimedia.org&utm_campaign=imageinfo&utm_content=thumbnail | https://thumb.wikimedia.org/wikipedia/commons/thumb/5/57/Amer_Fort_-_Jaipur_-_Rajasthan.jpg/960px-Amer_Fort_-_Jaipur_-_Rajasthan.jpg?utm_source=commons.wikimedia.org&utm_campaign=imageinfo&utm_content=thumbnail | https://thumb.wikimedia.org/wikipedia/commons/thumb/3/3c/Amer_Fort_above_dry_Maota_Lake%2C_Rajasthan_03.jpg/960px-Amer_Fort_above_dry_Maota_Lake%2C_Rajasthan_03.jpg?utm_source=commons.wikimedia.org&utm_campaign=imageinfo&utm_content=thumbnail | https://thumb.wikimedia.org/wikipedia/commons/thumb/9/97/20191218_Amber_Fort_seen_from_Jaigarh_Fort_1617_9427.jpg/960px-20191218_Amber_Fort_seen_from_Jaigarh_Fort_1617_9427.jpg?utm_source=commons.wikimedia.org&utm_campaign=imageinfo&utm_content=thumbnail | https://thumb.wikimedia.org/wikipedia/commons/thumb/c/c0/20191219_Amber_Fort%2C_Amer%2C_Jaipur_1019_9533.jpg/960px-20191219_Amber_Fort%2C_Amer%2C_Jaipur_1019_9533.jpg?utm_source=commons.wikimedia.org&utm_campaign=imageinfo&utm_content=thumbnail | https://thumb.wikimedia.org/wikipedia/commons/thumb/9/90/Amber_Fort%2C_Jaipur%2C_20191219_1037_9569_DxO.jpg/960px-Amber_Fort%2C_Jaipur%2C_20191219_1037_9569_DxO.jpg?utm_source=commons.wikimedia.org&utm_campaign=imageinfo&utm_content=thumbnail | https://thumb.wikimedia.org/wikipedia/commons/thumb/1/1e/Amer_Palace_View_From_Jaigarh_Fort.jpg/960px-Amer_Palace_View_From_Jaigarh_Fort.jpg?utm_source=commons.wikimedia.org&utm_campaign=imageinfo&utm_content=thumbnail
IND-HER-17,Charminar,चारमीनार (Charminar),Centrally Protected Monument (ASI),Ceremonial Monumental Gateway & Mosque,Telangana,"Hyderabad District, Old City Hyderabad",17.3616,78.4747,H-TL-1,Tentative List (Monuments of the Deccan Sultanate),Qutb Shahi Dynasty (Muhammad Quli Qutb Shah),1591 CE (Late 16th Century),Indo-Islamic Qutb Shahi Architecture,"Granite, Mortar, Marble plinth, Ground Shell Lime and Pulverized Marble plaster",Height: 48.7 m (160 ft); Square Plan: 20 m on each side; 4 Minarets: 48.7m high with 149 spiral steps,"Four 48-meter High Fluted Minarets, Four Grand Pointed Arches facing cardinal points, Upper Floor Mosque with 45 prayer spaces, Stucco Balustrades, Clock faces added in 1889",Built in 1591 by Sultan Muhammad Quli Qutb Shah to commemorate the eradication of a devastating plague epidemic from the new capital city of Hyderabad. Located at the intersection of historic trade routes connecting Golconda diamond mines to the port of Machilipatnam on the Bay of Bengal.,Open 09:00 AM to 05:30 PM daily. Evening dynamic multi-color LED illumination until 09:00 PM. Accessible by TSRTC buses and Charminar pedestrianised zone.,"Mecca Masjid (150m), Chowmahalla Palace (1 km), Salar Jung Museum (1.5 km)",Archaeological Survey of India (Hyderabad Circle),https://thumb.wikimedia.org/wikipedia/commons/thumb/c/c8/Charminar_Hyderabad_111.jpg/960px-Charminar_Hyderabad_111.jpg?utm_source=commons.wikimedia.org&utm_campaign=imageinfo&utm_content=thumbnail,7,https://thumb.wikimedia.org/wikipedia/commons/thumb/c/c8/Charminar_Hyderabad_111.jpg/960px-Charminar_Hyderabad_111.jpg?utm_source=commons.wikimedia.org&utm_campaign=imageinfo&utm_content=thumbnail | https://thumb.wikimedia.org/wikipedia/commons/thumb/7/74/Charminar_monument_in_Hyderabad%2CTelangana%2CIndia.jpg/960px-Charminar_monument_in_Hyderabad%2CTelangana%2CIndia.jpg?utm_source=commons.wikimedia.org&utm_campaign=imageinfo&utm_content=thumbnail | https://thumb.wikimedia.org/wikipedia/commons/thumb/1/1c/Hyderabad_Charminar_monument_-_1965_%28W65-A39-08%29.jpg/960px-Hyderabad_Charminar_monument_-_1965_%28W65-A39-08%29.jpg?utm_source=commons.wikimedia.org&utm_campaign=imageinfo&utm_content=thumbnail | https://thumb.wikimedia.org/wikipedia/commons/thumb/d/d1/Charminar-Pride_of_Hyderabad.jpg/960px-Charminar-Pride_of_Hyderabad.jpg?utm_source=commons.wikimedia.org&utm_campaign=imageinfo&utm_content=thumbnail | https://thumb.wikimedia.org/wikipedia/commons/thumb/e/e8/Charminar_12032013.jpg/960px-Charminar_12032013.jpg?utm_source=commons.wikimedia.org&utm_campaign=imageinfo&utm_content=thumbnail | https://thumb.wikimedia.org/wikipedia/commons/thumb/9/9e/Charminar_Aerial_View.jpg/960px-Charminar_Aerial_View.jpg?utm_source=commons.wikimedia.org&utm_campaign=imageinfo&utm_content=thumbnail | https://thumb.wikimedia.org/wikipedia/commons/thumb/7/71/Charminar_Hyderabad_1.jpg/960px-Charminar_Hyderabad_1.jpg?utm_source=commons.wikimedia.org&utm_campaign=imageinfo&utm_content=thumbnail
IND-HER-18,Golconda Fort,గోల్కొండ కోట (Golconda Fort),Centrally Protected Monument (ASI),Defensive Citadel & Diamond Trading Fortress,Telangana,"Hyderabad District, Golconda",17.3833,78.4011,H-TL-2,Tentative List (Qutb Shahi Monuments),Kakatiya Dynasty (Origin) & Qutb Shahi Dynasty,1143 – 1687 CE (12th-17th Century),Deccani Military Fortification Architecture,"Granite Cyclopean Blocks, Lime mortar, Basalt cannon bastions",Circumference: 10 km; 87 semi-circular bastions; 8 massive gateways studded with iron anti-elephant spikes,"Fateh Darwaza with Acoustic Handclap Signaling, Bala Hissar Royal Pavilion at summit, Sri Jagadamba Mahakali Temple, Rani Mahal, Aslah Khana (Armory), Kilwat Royal Council Hall","World-renowned epicenter of the historic Golconda diamond trade that yielded the Koh-i-Noor, Hope, and Daria-i-Noor diamonds. Its acoustic marvel at the entrance gate (Fateh Darwaza) allows a handclap at the center dome to echo clearly to the Bala Hissar pavilion 1 km away atop the citadel, alerting defenders to surprise attacks. Withstood an 8-month siege by Mughal Emperor Aurangzeb in 1687 before falling due to internal bribery.",Open 09:00 AM to 05:30 PM. High physical climb (360 stone steps to summit); comfortable footwear and hydration advised. Daily sound & light show in Telugu/Hindi/English.,"Qutb Shahi Tombs (1 km), Taramati Baradari (3 km), Charminar (11 km)",Archaeological Survey of India (Hyderabad Circle),https://thumb.wikimedia.org/wikipedia/commons/thumb/8/88/Gates_of_the_Golconda_Fort_in_Golconda%2C_Hyderabad_01.jpg/960px-Gates_of_the_Golconda_Fort_in_Golconda%2C_Hyderabad_01.jpg?utm_source=commons.wikimedia.org&utm_campaign=imageinfo&utm_content=thumbnail,7,https://thumb.wikimedia.org/wikipedia/commons/thumb/8/88/Gates_of_the_Golconda_Fort_in_Golconda%2C_Hyderabad_01.jpg/960px-Gates_of_the_Golconda_Fort_in_Golconda%2C_Hyderabad_01.jpg?utm_source=commons.wikimedia.org&utm_campaign=imageinfo&utm_content=thumbnail | https://thumb.wikimedia.org/wikipedia/commons/thumb/0/08/Gates_of_the_Golconda_Fort_in_Golconda%2C_Hyderabad_02.jpg/960px-Gates_of_the_Golconda_Fort_in_Golconda%2C_Hyderabad_02.jpg?utm_source=commons.wikimedia.org&utm_campaign=imageinfo&utm_content=thumbnail | https://thumb.wikimedia.org/wikipedia/commons/thumb/b/b3/Gates_of_the_Golconda_Fort_in_Golconda%2C_Hyderabad_04.jpg/960px-Gates_of_the_Golconda_Fort_in_Golconda%2C_Hyderabad_04.jpg?utm_source=commons.wikimedia.org&utm_campaign=imageinfo&utm_content=thumbnail | https://thumb.wikimedia.org/wikipedia/commons/thumb/9/90/Ceiling_of_Echo_Dome%2C_Golconda_Fort_%28Oct_2025%29.jpg/960px-Ceiling_of_Echo_Dome%2C_Golconda_Fort_%28Oct_2025%29.jpg?utm_source=commons.wikimedia.org&utm_campaign=imageinfo&utm_content=thumbnail | https://thumb.wikimedia.org/wikipedia/commons/thumb/1/12/Golconda_Fort%2C_Hyderabad_%28Oct_2025%29_-_3.jpg/960px-Golconda_Fort%2C_Hyderabad_%28Oct_2025%29_-_3.jpg?utm_source=commons.wikimedia.org&utm_campaign=imageinfo&utm_content=thumbnail | https://thumb.wikimedia.org/wikipedia/commons/thumb/5/56/Golconda_Fort_005.jpg/960px-Golconda_Fort_005.jpg?utm_source=commons.wikimedia.org&utm_campaign=imageinfo&utm_content=thumbnail | https://thumb.wikimedia.org/wikipedia/commons/thumb/e/e5/Golconda_Fort_008.jpg/960px-Golconda_Fort_008.jpg?utm_source=commons.wikimedia.org&utm_campaign=imageinfo&utm_content=thumbnail
IND-HER-19,Victoria Memorial Hall,ভিক্টোরিয়া মেমোরিয়াল (Victoria Memorial),National Cultural Institution & Museum,Indo-Saracenic & British Imperial Monument,West Bengal,"Kolkata District, Kolkata",22.5448,88.3426,E-WB-1,National Treasure of India,British Raj (Lord Curzon / Architect William Emerson),1906 – 1921 CE (Early 20th Century),Indo-Saracenic Revival with Italian Renaissance & Mughal Domes,"Makrana White Marble (Same quarry as Taj Mahal), Cast iron framing, Bronze statues",Height: 56 m (184 ft); Grounds: 64 acres with reflecting water bodies,"Rotating Bronze Angel of Victory (3 tonnes, 16ft high), Central Classical Dome flanked by Mughal Chhatris, Queen's Hall with Royal Gallery, Curzon Collection Paintings, Extensive 64-acre Landscaped Gardens","Conceived by Viceroy Lord Curzon following Queen Victoria's death in 1901. Opened to the public in 1921 by the Prince of Wales. Houses over 28,000 artifacts including the world's largest collection of paintings by Thomas and William Daniell, rare Mughal miniature manuscripts, and documents detailing the Indian freedom struggle and the 1857 Sepoy Mutiny.",Gardens open 05:30 AM to 06:00 PM; Museum galleries open 10:00 AM to 06:00 PM (Closed Mondays and National Holidays). Metro: Maidan or Rabindra Sadan Station.,"Indian Museum Kolkata (1.5 km), St. Paul's Cathedral (300m), Birla Planetarium (500m)","Victoria Memorial Hall Trust & Ministry of Culture, Government of India",https://thumb.wikimedia.org/wikipedia/commons/thumb/4/49/The_Victoria_Memorial_Hall_Kolkata_West_Bengal_India.jpg/960px-The_Victoria_Memorial_Hall_Kolkata_West_Bengal_India.jpg?utm_source=commons.wikimedia.org&utm_campaign=imageinfo&utm_content=thumbnail,7,https://thumb.wikimedia.org/wikipedia/commons/thumb/4/49/The_Victoria_Memorial_Hall_Kolkata_West_Bengal_India.jpg/960px-The_Victoria_Memorial_Hall_Kolkata_West_Bengal_India.jpg?utm_source=commons.wikimedia.org&utm_campaign=imageinfo&utm_content=thumbnail | https://thumb.wikimedia.org/wikipedia/commons/thumb/7/7e/VICTORIA_MEMORIAL_KOLKATA.jpg/960px-VICTORIA_MEMORIAL_KOLKATA.jpg?utm_source=commons.wikimedia.org&utm_campaign=imageinfo&utm_content=thumbnail | https://thumb.wikimedia.org/wikipedia/commons/thumb/c/c9/Victoria_Memorial_Hall_%28vmh%29_04.jpg/960px-Victoria_Memorial_Hall_%28vmh%29_04.jpg?utm_source=commons.wikimedia.org&utm_campaign=imageinfo&utm_content=thumbnail | https://thumb.wikimedia.org/wikipedia/commons/thumb/1/1d/KITLV_-_33196_-_Victoria_Theatre_and_Memorial_Hall_in_Singapore_-_circa_1900.tif/lossy-page1-960px-KITLV_-_33196_-_Victoria_Theatre_and_Memorial_Hall_in_Singapore_-_circa_1900.tif.jpg?utm_source=commons.wikimedia.org&utm_campaign=imageinfo&utm_content=thumbnail | https://thumb.wikimedia.org/wikipedia/commons/thumb/7/78/Singapore-Victoria_Theatre_and_Concert_Hall-1973-74-WUS08256.jpg/960px-Singapore-Victoria_Theatre_and_Concert_Hall-1973-74-WUS08256.jpg?utm_source=commons.wikimedia.org&utm_campaign=imageinfo&utm_content=thumbnail | https://thumb.wikimedia.org/wikipedia/commons/thumb/f/fd/Teatro_Victoria%2C_Marina_Bay%2C_Singapur%2C_2023-08-16%2C_DD_74-76_HDR.jpg/960px-Teatro_Victoria%2C_Marina_Bay%2C_Singapur%2C_2023-08-16%2C_DD_74-76_HDR.jpg?utm_source=commons.wikimedia.org&utm_campaign=imageinfo&utm_content=thumbnail | https://thumb.wikimedia.org/wikipedia/commons/thumb/4/4b/Victoria_Memorial_Kolkata_at_night.jpg/960px-Victoria_Memorial_Kolkata_at_night.jpg?utm_source=commons.wikimedia.org&utm_campaign=imageinfo&utm_content=thumbnail
IND-HER-20,Golden Temple (Sri Harmandir Sahib),ਸ੍ਰੀ ਹਰਿਮੰਦਰ ਸਾਹਿਬ (Sri Harmandir Sahib),Sacred Living Heritage Sanctuary,Sikh Central Spiritual Gurdwara,Punjab,"Amritsar District, Amritsar",31.62,74.8765,State Heritage / SGPC,Tentative List (Sri Harmandir Sahib),Sikh Gurus (Guru Arjan Dev Ji) & Sikh Empire (Maharaja Ranjit Singh),1581 – 1604 CE; Gilded in 1830 CE,Sikh Architecture (Synthesis of Indo-Islamic and Rajput motifs with four open entrances),"White Marble, Copper plates gilded with 500 kg of pure 24-karat Gold leaf, Pietra Dura floral inlay",Sarovar (Holy Pool): 150m x 150m; Central sanctum: 12.25m x 12.25m accessed via 62m Causeway,"Gilded Gold Fluted Dome, Amrit Sarovar (Nectar Pool), Guru Ram Das Langar Hall (feeds 100,000 daily free), Akal Takht (Seat of Temporal Authority), Dukh Bhanjani Beri (Sacred Jujube Tree), Darshani Deori Gateway","Founded by Guru Ram Das and constructed by Guru Arjan Dev, who invited Muslim Sufi saint Hazrat Mian Mir of Lahore to lay its foundational cornerstone in 1589. Features four entrances facing North, South, East, and West, symbolizing universal acceptance of all castes, creeds, and religions. Rebuilt by the Sikh Misls after being desecrated multiple times by Ahmad Shah Durrani (Abdali). Gilded with 500 kg of gold by Maharaja Ranjit Singh in 1830.","Open 24 hours daily, 365 days a year. Head covering, barefoot walk through foot-cleaning water bath, and modest attire strictly mandatory. Free community langar meal served around the clock.","Jallianwala Bagh (400m), Partition Museum (800m), Gobindgarh Fort (2.5 km)",Shiromani Gurdwara Parbandhak Committee (SGPC) & Punjab Heritage Tourism Board,https://thumb.wikimedia.org/wikipedia/commons/thumb/0/06/Amritsar-golden-temple-00.JPG/960px-Amritsar-golden-temple-00.JPG?utm_source=commons.wikimedia.org&utm_campaign=imageinfo&utm_content=thumbnail,7,https://thumb.wikimedia.org/wikipedia/commons/thumb/0/06/Amritsar-golden-temple-00.JPG/960px-Amritsar-golden-temple-00.JPG?utm_source=commons.wikimedia.org&utm_campaign=imageinfo&utm_content=thumbnail | https://thumb.wikimedia.org/wikipedia/commons/thumb/7/79/Golden_Temple_%28Harmandir_Sahib%29_at_night%2C_Amritsar%2C_Punjab%2C_India_%282015%29.jpg/960px-Golden_Temple_%28Harmandir_Sahib%29_at_night%2C_Amritsar%2C_Punjab%2C_India_%282015%29.jpg?utm_source=commons.wikimedia.org&utm_campaign=imageinfo&utm_content=thumbnail | https://thumb.wikimedia.org/wikipedia/commons/thumb/7/75/Golden_Temple_%28Harmandir_Sahib%29_at_night%2C_Amritsar%2C_Punjab%2C_India_%282017%29_1.jpg/960px-Golden_Temple_%28Harmandir_Sahib%29_at_night%2C_Amritsar%2C_Punjab%2C_India_%282017%29_1.jpg?utm_source=commons.wikimedia.org&utm_campaign=imageinfo&utm_content=thumbnail | https://thumb.wikimedia.org/wikipedia/commons/thumb/c/c4/Akal_Takht_and_Harmandir_Sahib%2C_Amritsar%2C_Punjab%2C_India.jpg/960px-Akal_Takht_and_Harmandir_Sahib%2C_Amritsar%2C_Punjab%2C_India.jpg?utm_source=commons.wikimedia.org&utm_campaign=imageinfo&utm_content=thumbnail | https://thumb.wikimedia.org/wikipedia/commons/thumb/d/d7/Golden_Temple%2C_Amritsar_01.jpg/960px-Golden_Temple%2C_Amritsar_01.jpg?utm_source=commons.wikimedia.org&utm_campaign=imageinfo&utm_content=thumbnail | https://thumb.wikimedia.org/wikipedia/commons/thumb/d/d0/Golden_Temple%2C_Amritsar_02.jpg/960px-Golden_Temple%2C_Amritsar_02.jpg?utm_source=commons.wikimedia.org&utm_campaign=imageinfo&utm_content=thumbnail | https://thumb.wikimedia.org/wikipedia/commons/thumb/7/7c/Golden_Temple%2C_Amritsar_03.jpg/960px-Golden_Temple%2C_Amritsar_03.jpg?utm_source=commons.wikimedia.org&utm_campaign=imageinfo&utm_content=thumbnail
IND-HER-21,Meenakshi Amman Temple,மீனாட்சி சுந்தரேசுவரர் கோயில் (Meenakshi Kovil),Centrally Protected Monument (ASI/HR&CE),Monumental Dravidian Temple Complex,Tamil Nadu,"Madurai District, Madurai",9.9195,78.1193,S-TN-3,Tentative List (Great Temple of Madurai),Pandya Dynasty (Origin) & Nayaka Dynasty (Thirumalai Nayak),6th Century BCE (Origin); Rebuilt 1623 – 1659 CE,Late Dravidian Nayaka Temple Architecture,"Granite foundation, Stucco plaster polychromatic statues, Teak wood timbering",Complex Area: 14 acres (5.7 hectares); 14 Gopuram gateway towers; South Gopuram Height: 52 m (170 ft),"14 Soaring Polychromatic Gopurams (Over 33,000 carved stucco figures), Hall of 1000 Pillars (Aayiram Kaal Mandapam) with 985 carved granite columns, Golden Lotus Tank (Porthamarai Kulam), Musical Granite Pillars, Meenakshi and Sundareswarar Sanctums","One of the oldest continuously inhabited sacred temple complexes on earth, forming the epicentre of the ancient lotus-shaped city of Madurai. Sacked in 1310 by Malik Kafur of the Delhi Sultanate, but magnificently rebuilt to cosmic proportions by King Thirumalai Nayak of the Madurai Nayak dynasty in the 17th century. Dedicated to Goddess Meenakshi (Parvati) and Lord Sundareswarar (Shiva).",Open 05:00 AM to 12:30 PM & 04:00 PM to 10:00 PM. Mobile phones and cameras strictly prohibited inside inner sanctum security perimeter. Cloakroom facilities at East and West gates.,"Thirumalai Nayakkar Mahal (1.5 km), Gandhi Memorial Museum Madurai (4 km), Alagar Kovil (21 km)",Hindu Religious and Charitable Endowments (HR&CE) Dept Tamil Nadu,https://thumb.wikimedia.org/wikipedia/commons/thumb/6/60/Ganesha_on_Gopuram_in_the_Meenakshi_Temple_at_Madurai.jpg/960px-Ganesha_on_Gopuram_in_the_Meenakshi_Temple_at_Madurai.jpg?utm_source=commons.wikimedia.org&utm_campaign=imageinfo&utm_content=thumbnail,7,https://thumb.wikimedia.org/wikipedia/commons/thumb/6/60/Ganesha_on_Gopuram_in_the_Meenakshi_Temple_at_Madurai.jpg/960px-Ganesha_on_Gopuram_in_the_Meenakshi_Temple_at_Madurai.jpg?utm_source=commons.wikimedia.org&utm_campaign=imageinfo&utm_content=thumbnail | https://thumb.wikimedia.org/wikipedia/commons/thumb/0/01/Gopuram_Madurai.jpg/960px-Gopuram_Madurai.jpg?utm_source=commons.wikimedia.org&utm_campaign=imageinfo&utm_content=thumbnail | https://thumb.wikimedia.org/wikipedia/commons/thumb/7/71/Gopuram_of_the_Meenakshi_Temple_at_Madurai.jpg/960px-Gopuram_of_the_Meenakshi_Temple_at_Madurai.jpg?utm_source=commons.wikimedia.org&utm_campaign=imageinfo&utm_content=thumbnail | https://thumb.wikimedia.org/wikipedia/commons/thumb/f/fe/Inside_Meenakshi_Amman_Temple%2C_Madurai.JPG/960px-Inside_Meenakshi_Amman_Temple%2C_Madurai.JPG?utm_source=commons.wikimedia.org&utm_campaign=imageinfo&utm_content=thumbnail | https://thumb.wikimedia.org/wikipedia/commons/thumb/d/d9/Meenakshi_Amman_Temple%2C_Madurai.JPG/960px-Meenakshi_Amman_Temple%2C_Madurai.JPG?utm_source=commons.wikimedia.org&utm_campaign=imageinfo&utm_content=thumbnail | https://thumb.wikimedia.org/wikipedia/commons/thumb/2/20/Meenakshi_Amman_Temple_-_Gateway_Tower%2C_Madurai.jpg/960px-Meenakshi_Amman_Temple_-_Gateway_Tower%2C_Madurai.jpg?utm_source=commons.wikimedia.org&utm_campaign=imageinfo&utm_content=thumbnail | https://thumb.wikimedia.org/wikipedia/commons/thumb/5/59/Meenakshi_Amman_Temple_View.JPG/960px-Meenakshi_Amman_Temple_View.JPG?utm_source=commons.wikimedia.org&utm_campaign=imageinfo&utm_content=thumbnail
IND-HER-22,Archaeological Site of Nalanda Mahavihara,नालंदा महाविहार (Nalanda University),UNESCO World Heritage Site,Ancient Monastic University & Stupa Complex,Bihar,"Nalanda District, Rajgir",25.1357,85.4451,E-BR-1,1502 (Inscribed 2016),Gupta Empire (Kumaragupta I) & Harsha / Pala Empire,5th Century CE – 1200 CE,Ancient Buddhist Brick Vihara & Chaitya Architecture,"Burnt Red Clay Bricks (Dry-laid with lime-sand mortar), Stucco relief panels, Granite pillar bases",Excavated Area: 12 hectares (Estimated original campus: 16 sq km); 11 Monasteries and 6 Temples,"Sariputta Great Stupa (Temple 3) with Corner Towers, Chaitya 12 with Votive Stupas, Monastic Cells with Stone Beds and Private Cooking Hearths, Central Drainage and Water Wells, Monastic Lecture Halls","The world's premier residential Buddhist university, housing over 10,000 students and 2,000 scholars from China, Korea, Japan, Tibet, Mongolia, Sri Lanka, and Turkey. Visited and documented extensively by Chinese pilgrim Xuanzang (Hiuen Tsang) in the 7th century CE. Destroyed around 1193 CE by Bakhtiyar Khilji, whose troops set fire to its colossal nine-storey library (Dharmaganja), which according to Persian chronicles burned continuously for three months.","Open 09:00 AM to 05:00 PM daily. ASI on-site archaeological museum houses bronzes, seals, and stone statues excavated from the campus.","Hiuen Tsang Memorial Hall (1 km), Rajgir Ropeway and Griddhakuta Peak (12 km), Bodh Gaya (70 km)",Archaeological Survey of India (Patna Circle) & UNESCO Dossier No. 1502,https://thumb.wikimedia.org/wikipedia/commons/thumb/4/4e/Temple_3_-_Sariputta_Stupa_-_Brick_Votive_Stupas_-_Nalanda_Mahavihara_%2812%29.jpg/960px-Temple_3_-_Sariputta_Stupa_-_Brick_Votive_Stupas_-_Nalanda_Mahavihara_%2812%29.jpg?utm_source=commons.wikimedia.org&utm_campaign=imageinfo&utm_content=thumbnail,7,https://thumb.wikimedia.org/wikipedia/commons/thumb/4/4e/Temple_3_-_Sariputta_Stupa_-_Brick_Votive_Stupas_-_Nalanda_Mahavihara_%2812%29.jpg/960px-Temple_3_-_Sariputta_Stupa_-_Brick_Votive_Stupas_-_Nalanda_Mahavihara_%2812%29.jpg?utm_source=commons.wikimedia.org&utm_campaign=imageinfo&utm_content=thumbnail | https://thumb.wikimedia.org/wikipedia/commons/thumb/1/1a/Temple_3_-_Sariputta_Stupa_-_Brick_Votive_Stupas_-_Nalanda_Mahavihara_%287%29.jpg/960px-Temple_3_-_Sariputta_Stupa_-_Brick_Votive_Stupas_-_Nalanda_Mahavihara_%287%29.jpg?utm_source=commons.wikimedia.org&utm_campaign=imageinfo&utm_content=thumbnail | https://thumb.wikimedia.org/wikipedia/commons/thumb/6/65/Temple_3_-_Sariputta_Stupa_-_Nalanda_Mahavihara.jpg/960px-Temple_3_-_Sariputta_Stupa_-_Nalanda_Mahavihara.jpg?utm_source=commons.wikimedia.org&utm_campaign=imageinfo&utm_content=thumbnail | https://thumb.wikimedia.org/wikipedia/commons/thumb/d/de/Nalanda_Mahavihara_Archaeological_Site_11.jpg/960px-Nalanda_Mahavihara_Archaeological_Site_11.jpg?utm_source=commons.wikimedia.org&utm_campaign=imageinfo&utm_content=thumbnail | https://thumb.wikimedia.org/wikipedia/commons/thumb/1/15/Nalanda_Mahavihara_Archaeological_Site_17.jpg/960px-Nalanda_Mahavihara_Archaeological_Site_17.jpg?utm_source=commons.wikimedia.org&utm_campaign=imageinfo&utm_content=thumbnail | https://thumb.wikimedia.org/wikipedia/commons/thumb/c/c1/Nalanda_Mahavihara_Archaeological_Site_30.jpg/960px-Nalanda_Mahavihara_Archaeological_Site_30.jpg?utm_source=commons.wikimedia.org&utm_campaign=imageinfo&utm_content=thumbnail | https://thumb.wikimedia.org/wikipedia/commons/thumb/0/0e/Nalanda_Mahavihara_Archaeological_Site_40.jpg/960px-Nalanda_Mahavihara_Archaeological_Site_40.jpg?utm_source=commons.wikimedia.org&utm_campaign=imageinfo&utm_content=thumbnail
IND-HER-23,Mahabodhi Temple Complex,महाबोधि मंदिर (Mahabodhi Temple),UNESCO World Heritage Site,Buddhist Grand Stupa & Enlightenment Site,Bihar,"Gaya District, Bodh Gaya",24.696,84.9913,E-BR-2,1056 (Inscribed 2002),Maurya Empire (Ashoka) & Late Gupta / Pala Dynasties,3rd Century BCE (Origin); 5th – 6th Century CE,Classical Brick Shikhara Stupa Architecture,"All-Brick Masonry structure (One of the earliest surviving brick temples in India), Gold plated pinnacle",Grand Pyramid Tower Height: 55 m (180 ft); Enclosed holy grounds: 4.8 hectares,"Sacred Bodhi Tree (Ficus religiosa descendant), Diamond Throne (Vajrasana) of Emperor Ashoka, 55m Brick Main Temple Tower, Animesh Lochan Chaitya, Jewel Walk Cankamana with stone lotus carvings, Muchalinda Lake","Direct location where Siddhartha Gautama attained supreme enlightenment (Bodhi) in 528 BCE to become the Buddha. The original shrine was built by Emperor Ashoka around 260 BCE. The sacred Bodhi Tree standing behind the temple is a direct living descendant of the original pipal tree, replanted via a sapling brought back from Sri Lanka (originally taken there by Emperor Ashoka's daughter Sanghamitta).",Open 05:00 AM to 09:00 PM daily. Meditation allowed in the serene gardens around the Bodhi Tree. Electronics and mobile phones must be deposited at security counters.,"Great Buddha Statue (80-foot, 1 km), Dungeshwari Cave Temples (12 km), Gaya Vishnupad Temple (13 km)",Bodhgaya Temple Management Committee (BTMC) & Archaeological Survey of India (Patna Circle),https://thumb.wikimedia.org/wikipedia/commons/thumb/9/96/1847_drawing_by_Kittoe%2C_Buddhist_Bodhgaya_Mahabodhi_temple_complex%2C_Bihar_01.jpg/960px-1847_drawing_by_Kittoe%2C_Buddhist_Bodhgaya_Mahabodhi_temple_complex%2C_Bihar_01.jpg?utm_source=commons.wikimedia.org&utm_campaign=imageinfo&utm_content=thumbnail,7,https://thumb.wikimedia.org/wikipedia/commons/thumb/9/96/1847_drawing_by_Kittoe%2C_Buddhist_Bodhgaya_Mahabodhi_temple_complex%2C_Bihar_01.jpg/960px-1847_drawing_by_Kittoe%2C_Buddhist_Bodhgaya_Mahabodhi_temple_complex%2C_Bihar_01.jpg?utm_source=commons.wikimedia.org&utm_campaign=imageinfo&utm_content=thumbnail | https://upload.wikimedia.org/wikipedia/commons/7/7f/1847_drawing_by_Kittoe%2C_Buddhist_Bodhgaya_Mahabodhi_temple_complex%2C_Bihar_08.jpg?utm_source=commons.wikimedia.org&utm_campaign=imageinfo&utm_content=thumbnail_unscaled | https://thumb.wikimedia.org/wikipedia/commons/thumb/8/80/1847_drawing_by_Kittoe%2C_Buddhist_Bodhgaya_Mahabodhi_temple_complex%2C_Bihar_India_06.jpg/960px-1847_drawing_by_Kittoe%2C_Buddhist_Bodhgaya_Mahabodhi_temple_complex%2C_Bihar_India_06.jpg?utm_source=commons.wikimedia.org&utm_campaign=imageinfo&utm_content=thumbnail | https://upload.wikimedia.org/wikipedia/commons/8/83/Animesh_Lochan_in_Mahabodhi_Temple_courtyard_Buddha_Gaya.jpg?utm_source=commons.wikimedia.org&utm_campaign=imageinfo&utm_content=thumbnail_unscaled | https://thumb.wikimedia.org/wikipedia/commons/thumb/c/ce/Decorative_Panels_on_Votive_Stupas_-_Mahabodhi_Temple_Complex_%281%29.jpg/960px-Decorative_Panels_on_Votive_Stupas_-_Mahabodhi_Temple_Complex_%281%29.jpg?utm_source=commons.wikimedia.org&utm_campaign=imageinfo&utm_content=thumbnail | https://upload.wikimedia.org/wikipedia/commons/a/a7/Mahabodhi_Temple_Complex%2C_Bodhgaya_%288716403651%29.jpg?utm_source=commons.wikimedia.org&utm_campaign=imageinfo&utm_content=thumbnail_unscaled | https://thumb.wikimedia.org/wikipedia/commons/thumb/c/c8/Mahabodhi_Temple_Complex%2C_Bodhgaya_%288717524046%29.jpg/960px-Mahabodhi_Temple_Complex%2C_Bodhgaya_%288717524046%29.jpg?utm_source=commons.wikimedia.org&utm_campaign=imageinfo&utm_content=thumbnail
IND-HER-24,Elephanta Caves,घारापुरीची लेणी (Elephanta Caves),UNESCO World Heritage Site,Island Rock-Cut Cave Temple Sanctuary,Maharashtra,"Mumbai Harbour, Raigad District",18.9633,72.9315,W-MH-A3,244 (Inscribed 1987),Kalachuri Dynasty & Konkan Mauryas / Rashtrakutas,5th – 8th Century CE,Monolithic Basalt Rock-Cut Shaivite Architecture,Solid Basaltic Rock Hill (Gharapuri Island),Main Cave 1 (Maheshmurti Cave): 39 m square pillared mandapa carved deep into hill,"Trimurti (Sadashiva) 6-meter Colossal 3-Headed Shiva Relief, Shiva Nataraja Dancing, Gangadhara Shiva catching Ganga in locks, Ardhanarishvara (Half-male half-female), Linga Shrine with Dvarapala Guardians","Located on Gharapuri Island in Mumbai Harbour. Named 'Elephanta' by 16th-century Portuguese explorers after a colossal monolithic stone elephant found near the landing point. The colossal 6-meter high Trimurti bust represents the three essential cosmic aspects of Shiva: Creator (Aghora/Bhairava), Preserver (Tatpurusha), and Destroyer (Vamadeva). Defaced by Portuguese soldiers who used the stone reliefs for target practice in the 17th century.",Open 09:00 AM to 05:30 PM (Closed Mondays). Accessed via 1-hour scenic ferry from Gateway of India (Colaba). Mini toy train runs from the jetty to cave flight steps.,"Gateway of India (ferry point), Colaba Causeway (ferry point), Kanheri Caves (Sanjay Gandhi NP, 45 km)",Archaeological Survey of India (Mumbai Circle) & UNESCO Dossier No. 244,https://thumb.wikimedia.org/wikipedia/commons/thumb/d/d9/Elephanta_Caves_Trimurti.jpg/960px-Elephanta_Caves_Trimurti.jpg?utm_source=commons.wikimedia.org&utm_campaign=imageinfo&utm_content=thumbnail,7,https://thumb.wikimedia.org/wikipedia/commons/thumb/d/d9/Elephanta_Caves_Trimurti.jpg/960px-Elephanta_Caves_Trimurti.jpg?utm_source=commons.wikimedia.org&utm_campaign=imageinfo&utm_content=thumbnail | https://thumb.wikimedia.org/wikipedia/commons/thumb/f/f4/Elephanta_Island%27s_Trimurti_sculpture_-_Mumbai_%28Maharashtra%2C_India%29_%2833649370476%29.jpg/960px-Elephanta_Island%27s_Trimurti_sculpture_-_Mumbai_%28Maharashtra%2C_India%29_%2833649370476%29.jpg?utm_source=commons.wikimedia.org&utm_campaign=imageinfo&utm_content=thumbnail | https://thumb.wikimedia.org/wikipedia/commons/thumb/d/de/Shiva_Trimurti_%40_Elephanta_Caves.jpg/960px-Shiva_Trimurti_%40_Elephanta_Caves.jpg?utm_source=commons.wikimedia.org&utm_campaign=imageinfo&utm_content=thumbnail | https://thumb.wikimedia.org/wikipedia/commons/thumb/e/ee/A_seagull_near_Elephanta_Caves%2C_Mumbai.jpg/960px-A_seagull_near_Elephanta_Caves%2C_Mumbai.jpg?utm_source=commons.wikimedia.org&utm_campaign=imageinfo&utm_content=thumbnail | https://thumb.wikimedia.org/wikipedia/commons/thumb/1/17/Elephanta_Caves%2C_India%2C_Shiva.jpg/960px-Elephanta_Caves%2C_India%2C_Shiva.jpg?utm_source=commons.wikimedia.org&utm_campaign=imageinfo&utm_content=thumbnail | https://thumb.wikimedia.org/wikipedia/commons/thumb/4/41/Elephanta_Caves%2C_India.jpg/960px-Elephanta_Caves%2C_India.jpg?utm_source=commons.wikimedia.org&utm_campaign=imageinfo&utm_content=thumbnail | https://thumb.wikimedia.org/wikipedia/commons/thumb/9/92/Elephanta_Caves_in_Mumbai.jpg/960px-Elephanta_Caves_in_Mumbai.jpg?utm_source=commons.wikimedia.org&utm_campaign=imageinfo&utm_content=thumbnail
IND-HER-25,Group of Monuments at Pattadakal,ಪಟ್ಟದಕಲ್ಲು ಸ್ಮಾರಕಗಳು (Pattadakal),UNESCO World Heritage Site,Chalukya Coronation Sanctuary & Temple Laboratory,Karnataka,"Bagalkot District, Badami Taluk",15.9493,75.8164,S-KA-2,239 (Inscribed 1987),Early Chalukya Dynasty (Vikramaditya II & Queen Lokamahadevi),7th – 8th Century CE,Vesara Hybrid Architecture (Confluence of Nagara North Indian and Dravida South Indian styles),"Dressed Reddish Sandstone ashlar blocks without mortar, Malaprabha riverbed stone",Complex of 10 major temples on the west bank of the Malaprabha River,"Virupaksha Temple with Dravidian Vimana, Mallikarjuna Temple, Sangameshwara Temple (Oldest), Kadasiddheshwara Temple with Nagara Shikhara, Papanatha Temple with mixed style, Monolithic Nandi Mandapas",Pattadakal served as the ceremonial site where Chalukyan kings were anointed and crowned (Patta-Kisuvolal). Architecturally revolutionary as the testing ground where North Indian curvilinear Nagara spires and South Indian stepped pyramidal Dravidian towers were built directly side by side by royal guild master architects Gundan Anivaritachari.,Open 06:00 AM to 06:00 PM daily. Part of the Golden Triangle of Chalukyan architecture alongside Aihole and Badami.,"Badami Cave Temples (22 km), Aihole Temple Complex (14 km), Mahakuta Temples (12 km)",Archaeological Survey of India (Dharwad Circle) & UNESCO Dossier No. 239,https://thumb.wikimedia.org/wikipedia/commons/thumb/f/ff/Nandi_in_the_Pattadakal_temple_complex%2CPattadakal%2CKarnataka%2CIndia_July%2C2019.jpg/960px-Nandi_in_the_Pattadakal_temple_complex%2CPattadakal%2CKarnataka%2CIndia_July%2C2019.jpg?utm_source=commons.wikimedia.org&utm_campaign=imageinfo&utm_content=thumbnail,7,https://thumb.wikimedia.org/wikipedia/commons/thumb/f/ff/Nandi_in_the_Pattadakal_temple_complex%2CPattadakal%2CKarnataka%2CIndia_July%2C2019.jpg/960px-Nandi_in_the_Pattadakal_temple_complex%2CPattadakal%2CKarnataka%2CIndia_July%2C2019.jpg?utm_source=commons.wikimedia.org&utm_campaign=imageinfo&utm_content=thumbnail | https://thumb.wikimedia.org/wikipedia/commons/thumb/4/4e/The_Pattadakal_%28Pattadakallu%29_temple_complex_in_Karnataka_%2814%29.jpg/960px-The_Pattadakal_%28Pattadakallu%29_temple_complex_in_Karnataka_%2814%29.jpg?utm_source=commons.wikimedia.org&utm_campaign=imageinfo&utm_content=thumbnail | https://thumb.wikimedia.org/wikipedia/commons/thumb/5/5c/The_Pattadakal_%28Pattadakallu%29_temple_complex_in_Karnataka_%2826%29.jpg/960px-The_Pattadakal_%28Pattadakallu%29_temple_complex_in_Karnataka_%2826%29.jpg?utm_source=commons.wikimedia.org&utm_campaign=imageinfo&utm_content=thumbnail | https://thumb.wikimedia.org/wikipedia/commons/thumb/4/48/7th_-_9th_century_Hindu_and_Jain_temples%2C_Pattadakal_monuments_Karnataka_7.jpg/960px-7th_-_9th_century_Hindu_and_Jain_temples%2C_Pattadakal_monuments_Karnataka_7.jpg?utm_source=commons.wikimedia.org&utm_campaign=imageinfo&utm_content=thumbnail | https://thumb.wikimedia.org/wikipedia/commons/thumb/6/68/Carvings_at_Pattadakal_temple.jpg/960px-Carvings_at_Pattadakal_temple.jpg?utm_source=commons.wikimedia.org&utm_campaign=imageinfo&utm_content=thumbnail | https://thumb.wikimedia.org/wikipedia/commons/thumb/0/0b/Carvings_at_Pattadakal_temple_wall.jpg/960px-Carvings_at_Pattadakal_temple_wall.jpg?utm_source=commons.wikimedia.org&utm_campaign=imageinfo&utm_content=thumbnail | https://thumb.wikimedia.org/wikipedia/commons/thumb/1/18/Carvings_on_Piller_at_Pattadakal_temple.jpg/960px-Carvings_on_Piller_at_Pattadakal_temple.jpg?utm_source=commons.wikimedia.org&utm_campaign=imageinfo&utm_content=thumbnail
IND-HER-26,Kumbhalgarh Fort & The Great Wall of India,कुंभलगढ़ दुर्ग (Kumbhalgarh),UNESCO World Heritage Site,Mewar Mountain Citadel & Continuous Wall,Rajasthan,"Rajsamand District, Kumbhalgarh",25.1472,73.5878,W-RJ-3,"247-002 (Hill Forts of Rajasthan, 2013)",Sisodia Rajput Clan (Rana Kumbha),1443 – 1458 CE (15th Century),Mewar Defensive Mountain Fortress Architecture,"Rough-hewn Granite blocks, Lime mortar, Hard stone bastions",Wall Length: 36 km (Second-longest continuous wall in the world after the Great Wall of China); Wall Width: 15 feet (8 horses wide),"36-km Serpentine Defensive Wall with Battlements, Badal Mahal (Cloud Palace) at peak, 360 Temples within perimeter (300 Jain, 60 Hindu), Ram Pol and Hanuman Pol Gateways, Birthplace chamber of Maharana Pratap","Constructed by Maharana Kumbha atop a 1,100-meter Aravalli ridge. Birthplace of legendary warrior king Maharana Pratap. Practically impregnable; in its entire history, it fell only once to a combined coalition of Emperor Akbar, Raja Man Singh of Amer, and the Sultans of Gujarat and Malwa, and only after defenders ran out of drinking water during a six-month siege.",Open 09:00 AM to 06:00 PM. Evening Sound & Light show. Walking the full perimeter requires multi-day trekking; tourists typically explore the 2-km Badal Mahal sector.,"Ranakpur Jain Marble Temple (50 km through scenic forest pass), Haldighati Battlefield (45 km), Udaipur (85 km)",Archaeological Survey of India (Jaipur Circle) & UNESCO Dossier No. 247,https://thumb.wikimedia.org/wikipedia/commons/thumb/f/f8/Boundary_wall_of_Kumbhalgarh_Fort%2C_Rajsamand%2C_Rajasthan%2CIndia.jpg/960px-Boundary_wall_of_Kumbhalgarh_Fort%2C_Rajsamand%2C_Rajasthan%2CIndia.jpg?utm_source=commons.wikimedia.org&utm_campaign=imageinfo&utm_content=thumbnail,7,https://thumb.wikimedia.org/wikipedia/commons/thumb/f/f8/Boundary_wall_of_Kumbhalgarh_Fort%2C_Rajsamand%2C_Rajasthan%2CIndia.jpg/960px-Boundary_wall_of_Kumbhalgarh_Fort%2C_Rajsamand%2C_Rajasthan%2CIndia.jpg?utm_source=commons.wikimedia.org&utm_campaign=imageinfo&utm_content=thumbnail | https://thumb.wikimedia.org/wikipedia/commons/thumb/4/46/Kumbhalgarh_Fort%2C_Rajasthan_02.jpg/960px-Kumbhalgarh_Fort%2C_Rajasthan_02.jpg?utm_source=commons.wikimedia.org&utm_campaign=imageinfo&utm_content=thumbnail | https://thumb.wikimedia.org/wikipedia/commons/thumb/e/e3/Kumbhalgarh_Fort%2C_Rajasthan_04.jpg/960px-Kumbhalgarh_Fort%2C_Rajasthan_04.jpg?utm_source=commons.wikimedia.org&utm_campaign=imageinfo&utm_content=thumbnail | https://thumb.wikimedia.org/wikipedia/commons/thumb/7/79/GREAT_WALL_OF_INDIA.jpg/960px-GREAT_WALL_OF_INDIA.jpg?utm_source=commons.wikimedia.org&utm_campaign=imageinfo&utm_content=thumbnail | https://upload.wikimedia.org/wikipedia/commons/d/d2/Great_wall_of_India_FORT_KUMBHALGRH.jpg?utm_source=commons.wikimedia.org&utm_campaign=imageinfo&utm_content=thumbnail_unscaled | https://thumb.wikimedia.org/wikipedia/commons/thumb/3/32/KUMBHALGARH_WALL_02.jpg/960px-KUMBHALGARH_WALL_02.jpg?utm_source=commons.wikimedia.org&utm_campaign=imageinfo&utm_content=thumbnail | https://thumb.wikimedia.org/wikipedia/commons/thumb/7/7d/Kumbhalgarh%27s_great_wall.jpg/960px-Kumbhalgarh%27s_great_wall.jpg?utm_source=commons.wikimedia.org&utm_campaign=imageinfo&utm_content=thumbnail
IND-HER-27,Chittorgarh Fort & Vijay Stambha,चित्तौड़गढ़ दुर्ग (Chittor Fort),UNESCO World Heritage Site,Historic Bastion & Capital of Mewar,Rajasthan,"Chittorgarh District, Chittorgarh",24.8879,74.6453,W-RJ-4,"247-003 (Hill Forts of Rajasthan, 2013)","Mori Rajputs (Origin) & Sisodia Dynasty (Rana Ratan Singh, Rana Kumbha, Maharana Sanga)",7th – 16th Century CE,Rajput Citadel Architecture with Stepwells and Victory Towers,"Local Sandstone and Granite, White marble detailing, Lime concrete",Plateau Area: 691.9 acres (2.8 sq km); Circumference: 13 km; Perched 180m above plains,"Vijay Stambha (Tower of Victory, 9 storeys, 37m high), Kirti Stambha (Tower of Fame, 22m), Padmini's Palace surrounded by water moat, Gaumukh Reservoir (Cow's Mouth spring), Jauhar Kund (Sacrificial fire site)","The immortal symbol of Rajput chivalry and defiance. Endured three catastrophic sieges: Alauddin Khilji (1303 CE), Bahadur Shah of Gujarat (1535 CE), and Mughal Emperor Akbar (1567-68 CE). Each siege culminated in Jauhar (mass self-immolation by Rajput queens and women, including Rani Padmini and Rani Karnavati) while the warriors fought to the death in saffron robes.",Open 09:00 AM to 05:00 PM. Vehicle driving loop available around the 13-km perimeter. Local authorised guides highly recommended.,"Udaipur (110 km), Sanwaliya Seth Temple (35 km), Menal Waterfall & Temples (50 km)",Archaeological Survey of India (Jaipur Circle) & UNESCO Dossier No. 247,https://thumb.wikimedia.org/wikipedia/commons/thumb/4/4d/Chittorgarh-Rana_Kumbha_Palace-10-Vijay_Stambha-20131014.jpg/960px-Chittorgarh-Rana_Kumbha_Palace-10-Vijay_Stambha-20131014.jpg?utm_source=commons.wikimedia.org&utm_campaign=imageinfo&utm_content=thumbnail,7,https://thumb.wikimedia.org/wikipedia/commons/thumb/4/4d/Chittorgarh-Rana_Kumbha_Palace-10-Vijay_Stambha-20131014.jpg/960px-Chittorgarh-Rana_Kumbha_Palace-10-Vijay_Stambha-20131014.jpg?utm_source=commons.wikimedia.org&utm_campaign=imageinfo&utm_content=thumbnail | https://thumb.wikimedia.org/wikipedia/commons/thumb/1/16/Chittorgarh-Vijay_Stambha-01-20131014.jpg/960px-Chittorgarh-Vijay_Stambha-01-20131014.jpg?utm_source=commons.wikimedia.org&utm_campaign=imageinfo&utm_content=thumbnail | https://thumb.wikimedia.org/wikipedia/commons/thumb/b/bf/Chittorgarh-Vijay_Stambha-02-20131014.jpg/960px-Chittorgarh-Vijay_Stambha-02-20131014.jpg?utm_source=commons.wikimedia.org&utm_campaign=imageinfo&utm_content=thumbnail | https://thumb.wikimedia.org/wikipedia/commons/thumb/0/01/Chittorgarh-Vijay_Stambha-03-20131014.jpg/960px-Chittorgarh-Vijay_Stambha-03-20131014.jpg?utm_source=commons.wikimedia.org&utm_campaign=imageinfo&utm_content=thumbnail | https://thumb.wikimedia.org/wikipedia/commons/thumb/c/c9/Kirti_Stambha%2C_Chittorgarh_Fort_2015-12-29.jpg/960px-Kirti_Stambha%2C_Chittorgarh_Fort_2015-12-29.jpg?utm_source=commons.wikimedia.org&utm_campaign=imageinfo&utm_content=thumbnail | https://thumb.wikimedia.org/wikipedia/commons/thumb/a/a9/The_Vijay_Stambha_%28Tower_of_Victory%29_was_erected_by_Rana_Kumbha_inside_Chittorgarh_Fort_Rajasthan.jpg/960px-The_Vijay_Stambha_%28Tower_of_Victory%29_was_erected_by_Rana_Kumbha_inside_Chittorgarh_Fort_Rajasthan.jpg?utm_source=commons.wikimedia.org&utm_campaign=imageinfo&utm_content=thumbnail | https://thumb.wikimedia.org/wikipedia/commons/thumb/d/d5/Vijay_Stambha_-_tower_of_victory_-_Chittorgarh_Fort_Rajasthan.jpg/960px-Vijay_Stambha_-_tower_of_victory_-_Chittorgarh_Fort_Rajasthan.jpg?utm_source=commons.wikimedia.org&utm_campaign=imageinfo&utm_content=thumbnail
IND-HER-28,Dholavira: Ancient Harappan Metropolis,ધોળાવીરા (Dholavira),UNESCO World Heritage Site,Bronze Age Indus Valley Urban Metropolis,Gujarat,"Kutch District, Khadir Bet",23.8878,70.2131,W-GJ-2,1644 (Inscribed 2021),Indus Valley Civilization (Mature Harappan Phase),3000 BCE – 1500 BCE (Bronze Age),Harappan Urban Planning & Advanced Hydraulic Civil Engineering,"Dressed Limestone and Sandstone Masonry (Unique among brick Harappan sites), Mud-brick, Plaster","Enclosed urban area: 47 hectares; Castle, Bailey, Middle Town, and Lower Town divisions","16 Giant Rock-Cut Water Reservoirs (Storing 300,000 cubic meters), Dholavira Signboard with 10 Indus Script Glyphs, Fortified Citadel with Double Stone Walls, Ceremonial Stadium Ground, Underground Stormwater Drains","One of the most remarkable urban settlements of the ancient world, thriving on Khadir Bet island in the Great Rann of Kutch for 1,500 years. Pioneered the world's earliest advanced rainwater harvesting network: seasonal streams (Manhar and Mansar) were dammed, and runoff was diverted into 16 interconnected stepped reservoirs carved directly into bedrock, ensuring fresh water in an arid salty desert.",Open sunrise to sunset. Best visited Nov to Feb during the Rann of Kutch winter season. Road of Stars connects Dholavira across the white desert.,"Fossil Park Kutch (8 km), White Desert of Kutch / Dhordo (80 km via new road), Bhuj (215 km)",Archaeological Survey of India (Vadodara Circle) & UNESCO WHC Dossier No. 1644,https://thumb.wikimedia.org/wikipedia/commons/thumb/5/5b/System_of_reservoirs_and_canals_found_at_Dholavira.jpg/960px-System_of_reservoirs_and_canals_found_at_Dholavira.jpg?utm_source=commons.wikimedia.org&utm_campaign=imageinfo&utm_content=thumbnail,3,https://thumb.wikimedia.org/wikipedia/commons/thumb/5/5b/System_of_reservoirs_and_canals_found_at_Dholavira.jpg/960px-System_of_reservoirs_and_canals_found_at_Dholavira.jpg?utm_source=commons.wikimedia.org&utm_campaign=imageinfo&utm_content=thumbnail | https://thumb.wikimedia.org/wikipedia/commons/thumb/7/78/Water_reservoir_at_Dholavira_site.jpg/960px-Water_reservoir_at_Dholavira_site.jpg?utm_source=commons.wikimedia.org&utm_campaign=imageinfo&utm_content=thumbnail | https://thumb.wikimedia.org/wikipedia/commons/thumb/f/f7/Cross-section_of_a_well_%2816496222759%29.jpg/960px-Cross-section_of_a_well_%2816496222759%29.jpg?utm_source=commons.wikimedia.org&utm_campaign=imageinfo&utm_content=thumbnail
IND-HER-29,Kakatiya Rudreshwara (Ramappa) Temple,రామప్ప దేవాలయం (Ramappa Temple),UNESCO World Heritage Site,Kakatiya Floating-Brick Temple,Telangana,"Mulugu District, Palampet",18.2655,79.9439,H-TL-3,1570 (Inscribed 2021),Kakatiya Dynasty (General Recharla Rudra / King Ganapati Deva),1213 CE (13th Century),Kakatiya Vesara Temple Architecture (Sandbox foundation technology),"Reddish Sandstone plinth, Carved Black Basalt (Dolerite) bracket figures, Ultra-lightweight Porous Floating Bricks",6-foot high star-shaped plinth (Upapitha); Central Shikhara built with low-density spongy bricks that float on water,"12 Lustrous Black Basalt Madanika Bracket Figures, Floating Brick Vimana Shikhara, Sandbox Earthquake-Resistant Foundation, Flawlessly Polished Nandi Pavilion, Ramappa Lake water catchment","Named uniquely after its master sculptor, Ramappa, rather than the deity or the king. Described by Italian merchant Marco Polo as the 'brightest star in the galaxy of medieval temples'. Survived major regional earthquakes because of its sandbox foundation technology (deep pits filled with sand, granite dust, and jaggery) that absorbed seismic shockwaves. The superstructure bricks are so light and porous they float when dropped in water.",Open 06:00 AM to 06:00 PM daily. Located 70 km from Warangal and 210 km from Hyderabad. Excellent road connectivity via NH 163.,"Warangal Fort (70 km), Thousand Pillar Temple (68 km), Laknavaram Lake (28 km)",Archaeological Survey of India (Hyderabad Circle) & UNESCO WHC Dossier No. 1570,https://thumb.wikimedia.org/wikipedia/commons/thumb/1/10/Sculptures_of_Ramappa_Temple_in_Palampet%2C_Telangana_03.jpg/960px-Sculptures_of_Ramappa_Temple_in_Palampet%2C_Telangana_03.jpg?utm_source=commons.wikimedia.org&utm_campaign=imageinfo&utm_content=thumbnail,7,https://thumb.wikimedia.org/wikipedia/commons/thumb/1/10/Sculptures_of_Ramappa_Temple_in_Palampet%2C_Telangana_03.jpg/960px-Sculptures_of_Ramappa_Temple_in_Palampet%2C_Telangana_03.jpg?utm_source=commons.wikimedia.org&utm_campaign=imageinfo&utm_content=thumbnail | https://thumb.wikimedia.org/wikipedia/commons/thumb/1/1e/Sculptures_of_Ramappa_Temple_in_Palampet%2C_Telangana_04.jpg/960px-Sculptures_of_Ramappa_Temple_in_Palampet%2C_Telangana_04.jpg?utm_source=commons.wikimedia.org&utm_campaign=imageinfo&utm_content=thumbnail | https://thumb.wikimedia.org/wikipedia/commons/thumb/f/fd/Sculptures_of_Ramappa_Temple_in_Palampet%2C_Telangana_07.jpg/960px-Sculptures_of_Ramappa_Temple_in_Palampet%2C_Telangana_07.jpg?utm_source=commons.wikimedia.org&utm_campaign=imageinfo&utm_content=thumbnail | https://thumb.wikimedia.org/wikipedia/commons/thumb/1/19/Beautifully_carved_gate_of_the_Kakatiya_Rudreshwara_Ramappa_Temple.jpg/960px-Beautifully_carved_gate_of_the_Kakatiya_Rudreshwara_Ramappa_Temple.jpg?utm_source=commons.wikimedia.org&utm_campaign=imageinfo&utm_content=thumbnail | https://thumb.wikimedia.org/wikipedia/commons/thumb/9/96/Kakatiya_Rudreshwara_%28Ramappa%29_Temple%2C_Telangana.jpg/960px-Kakatiya_Rudreshwara_%28Ramappa%29_Temple%2C_Telangana.jpg?utm_source=commons.wikimedia.org&utm_campaign=imageinfo&utm_content=thumbnail | https://thumb.wikimedia.org/wikipedia/commons/thumb/c/c3/Master_piece_of_ramappa_temple.jpg/960px-Master_piece_of_ramappa_temple.jpg?utm_source=commons.wikimedia.org&utm_campaign=imageinfo&utm_content=thumbnail | https://thumb.wikimedia.org/wikipedia/commons/thumb/e/e5/Ramappa_Temple.png/960px-Ramappa_Temple.png?utm_source=commons.wikimedia.org&utm_campaign=imageinfo&utm_content=thumbnail
IND-HER-30,Sacred Ensembles of the Hoysalas: Belur & Halebidu,ಹೊಯ್ಸಳೇಶ್ವರ ಮತ್ತು ಚೆನ್ನಕೇಶವ ದೇವಾಲಯ (Hoysala Temples),UNESCO World Heritage Site,Intricate Soapstone Stellate Temples,Karnataka,"Hassan District, Belur & Halebidu",13.1625,75.8596,S-KA-3,1670 (Inscribed 2023),Hoysala Empire (King Vishnuvardhana & Queen Shantala),1117 – 1160 CE (12th Century),Hoysala Architecture (Star-shaped Stellate plan on Jagati platform),"Chloritic Schist (Green Soapstone - soft to carve when quarried, oxidizes into hard rock)",Chennakeshava Temple plinth: 55m x 45m; Hoysaleswara twin shrine with 200m relief frieze,"Star-shaped Jagati Platform, Continuous Animal Friezes (Elephants for strength, Lions for courage, Horses for speed, Hamsas for purity), Shilabalika (Bracket dancers) with filigree jewellery, Lathe-turned Polished Stone Pillars, Dvarapalas","The absolute pinnacle of micro-carving in stone. Built by King Vishnuvardhana to commemorate his victory over the Western Chalukyas at Talakad. The soapstone allowed master artists like Jakanachari and Ruvari Mallitamma to sign their works, carving fingernails, translucent garments, and hanging jewellery rings with jeweler-like precision.",Open 07:30 AM to 07:30 PM. Belur and Halebidu are 16 km apart. Nearest railway hub: Hassan (35 km).,"Shravanabelagola Gommateshwara (80 km), Somnathapura Keshava Temple (140 km), Hassan (35 km)",Archaeological Survey of India (Bengaluru Circle) & UNESCO WHC Dossier No. 1670,https://thumb.wikimedia.org/wikipedia/commons/thumb/b/bb/Chennakeshava_temple_Belur_202.jpg/960px-Chennakeshava_temple_Belur_202.jpg?utm_source=commons.wikimedia.org&utm_campaign=imageinfo&utm_content=thumbnail,3,https://thumb.wikimedia.org/wikipedia/commons/thumb/b/bb/Chennakeshava_temple_Belur_202.jpg/960px-Chennakeshava_temple_Belur_202.jpg?utm_source=commons.wikimedia.org&utm_campaign=imageinfo&utm_content=thumbnail | https://thumb.wikimedia.org/wikipedia/commons/thumb/b/b0/Chennakeshava_temple_Belur_526.jpg/960px-Chennakeshava_temple_Belur_526.jpg?utm_source=commons.wikimedia.org&utm_campaign=imageinfo&utm_content=thumbnail | https://thumb.wikimedia.org/wikipedia/commons/thumb/6/6b/Chennakeshava_temple_Belur_527.jpg/960px-Chennakeshava_temple_Belur_527.jpg?utm_source=commons.wikimedia.org&utm_campaign=imageinfo&utm_content=thumbnail
IND-HER-31,Sun Temple Modhera,મોઢેરા સૂર્ય મંદિર (Modhera Sun Temple),Centrally Protected Monument (ASI),Solanki Solar Sanctuary & Kund,Gujarat,"Mehsana District, Modhera",23.5836,72.1331,W-GJ-3,Tentative List (Sun Temple Modhera),Chaulukya / Solanki Dynasty (King Bhima I),1026 – 1027 CE (11th Century),Māru-Gurjara Architecture (Solar alignment along Tropic of Cancer),"Golden-yellow Dhrangadhra Sandstone, Dry-ashlar interlocking stone joints","Three axial components: Surya Kund (Stepped tank), Sabha Mandapa (Assembly hall), Guda Mandapa (Sanctum)","Surya Kund with 108 miniature stepped shrines, Sabha Mandapa with 52 intricately carved pillars (representing 52 weeks of the year), Equinox Solar Alignment Chamber, Torana Arches, 12 Adityas reliefs","Engineered with astronomical precision along the Tropic of Cancer: on the spring and autumn equinoxes (March 21 and September 23), the first rays of the rising sun passed through open pillared portals to illuminate the diamond-studded crown of the golden idol of Surya in the inner sanctum. Plundered by Mahmud of Ghazni, yet the structural stone mandapa remains an engineering marvel.",Open 07:00 AM to 06:00 PM. India's first 100% solar-powered heritage village. Night 3D projection mapping and light show every weekend.,"Rani ki Vav Patan (35 km), Bahucharaji Temple (15 km), Ahmedabad (100 km)",Archaeological Survey of India (Vadodara Circle),https://thumb.wikimedia.org/wikipedia/commons/thumb/e/e2/Boys_in_the_Stepped_Tank_Modhera.JPG/960px-Boys_in_the_Stepped_Tank_Modhera.JPG?utm_source=commons.wikimedia.org&utm_campaign=imageinfo&utm_content=thumbnail,7,https://thumb.wikimedia.org/wikipedia/commons/thumb/e/e2/Boys_in_the_Stepped_Tank_Modhera.JPG/960px-Boys_in_the_Stepped_Tank_Modhera.JPG?utm_source=commons.wikimedia.org&utm_campaign=imageinfo&utm_content=thumbnail | https://thumb.wikimedia.org/wikipedia/commons/thumb/9/95/Modhera_Sun_Temple_Water_Tank_%28Step_well%29.jpg/960px-Modhera_Sun_Temple_Water_Tank_%28Step_well%29.jpg?utm_source=commons.wikimedia.org&utm_campaign=imageinfo&utm_content=thumbnail | https://thumb.wikimedia.org/wikipedia/commons/thumb/d/d4/SunTemple-Modhera-Gujarat_JM23.jpg/960px-SunTemple-Modhera-Gujarat_JM23.jpg?utm_source=commons.wikimedia.org&utm_campaign=imageinfo&utm_content=thumbnail | https://thumb.wikimedia.org/wikipedia/commons/thumb/1/1f/Sun_Temple%2C_Modhera_-_Guda_Mandap_02.jpg/960px-Sun_Temple%2C_Modhera_-_Guda_Mandap_02.jpg?utm_source=commons.wikimedia.org&utm_campaign=imageinfo&utm_content=thumbnail | https://thumb.wikimedia.org/wikipedia/commons/thumb/3/31/Sun_Temple%2C_Modhera_-_Nandi.jpg/960px-Sun_Temple%2C_Modhera_-_Nandi.jpg?utm_source=commons.wikimedia.org&utm_campaign=imageinfo&utm_content=thumbnail | https://thumb.wikimedia.org/wikipedia/commons/thumb/9/96/Sun_Temple%2C_Modhera_-_Sabha_Mandap_01.jpg/960px-Sun_Temple%2C_Modhera_-_Sabha_Mandap_01.jpg?utm_source=commons.wikimedia.org&utm_campaign=imageinfo&utm_content=thumbnail | https://thumb.wikimedia.org/wikipedia/commons/thumb/d/d3/Sun_Temple%2C_Modhera_01.jpg/960px-Sun_Temple%2C_Modhera_01.jpg?utm_source=commons.wikimedia.org&utm_campaign=imageinfo&utm_content=thumbnail
IND-HER-32,Rock Shelters of Bhimbetka,भीमबेटका शैलचित्र (Bhimbetka Caves),UNESCO World Heritage Site,Paleolithic & Mesolithic Rock Art Shelters,Madhya Pradesh,"Raisen District, Bhojpur",22.9372,77.6127,C-MP-3,925 (Inscribed 2003),Prehistoric Hunter-Gatherers (Upper Paleolithic to Medieval),"100,000 BCE – 10,000 BCE (Rock art: ~30,000 years old)",Natural Sandstone Grottoes & Prehistoric Pictographs,"Dense orthoquartzite rock formations, Mineral pigments (Manganese oxide, hematite red ochre, plant sap)",Over 750 rock shelters distributed over 7 hills across 10 km; 15 shelters open to tourists,"Auditorium Rock Shelter (Cave 3) with Cupules, 'Zoo Rock' Shelter 4 depicting 252 animals across 16 species, Boar Attack Wall Painting, Dancing and Hunting Pictographs, Massive Natural Rock Arches",Contains the oldest documented human rock art in the Indian subcontinent. Demonstrates continuous human habitation from the Lower Paleolithic through the Mesolithic to historical times. The red and white pigments have survived thousands of years of weathering because the mineral ochre chemically bonded with the porous quartzite rock. Discovered in 1957 by Indian archaeologist Dr. V.S. Wakankar.,Open 07:00 AM to 06:00 PM daily. Paved pathways and wooden walkways connect the primary 15 shelters. Accessible from Bhopal (45 km).,"Bhojpur Shiva Temple (Colossal 7.5-foot monolithic lingam, 28 km), Sanchi (90 km)",Archaeological Survey of India (Bhopal Circle) & UNESCO WHC Dossier No. 925,https://thumb.wikimedia.org/wikipedia/commons/thumb/6/6c/1_man_riding_horse_prehistoric_rock_cave_painting_Bhimbetka_Bhopal_Madhya_Pradesh_India_February_2013.jpg/960px-1_man_riding_horse_prehistoric_rock_cave_painting_Bhimbetka_Bhopal_Madhya_Pradesh_India_February_2013.jpg?utm_source=commons.wikimedia.org&utm_campaign=imageinfo&utm_content=thumbnail,7,https://thumb.wikimedia.org/wikipedia/commons/thumb/6/6c/1_man_riding_horse_prehistoric_rock_cave_painting_Bhimbetka_Bhopal_Madhya_Pradesh_India_February_2013.jpg/960px-1_man_riding_horse_prehistoric_rock_cave_painting_Bhimbetka_Bhopal_Madhya_Pradesh_India_February_2013.jpg?utm_source=commons.wikimedia.org&utm_campaign=imageinfo&utm_content=thumbnail | https://thumb.wikimedia.org/wikipedia/commons/thumb/3/39/Prehistoric_rock_painting_in_Bhimbetka.jpg/960px-Prehistoric_rock_painting_in_Bhimbetka.jpg?utm_source=commons.wikimedia.org&utm_campaign=imageinfo&utm_content=thumbnail | https://thumb.wikimedia.org/wikipedia/commons/thumb/a/a5/Prehistoric_rock_paintings_at_Bhimbetka.jpg/960px-Prehistoric_rock_paintings_at_Bhimbetka.jpg?utm_source=commons.wikimedia.org&utm_campaign=imageinfo&utm_content=thumbnail | https://thumb.wikimedia.org/wikipedia/commons/thumb/c/c1/Rock_Shelter_15%2C_Bhimbetka_02.jpg/960px-Rock_Shelter_15%2C_Bhimbetka_02.jpg?utm_source=commons.wikimedia.org&utm_campaign=imageinfo&utm_content=thumbnail | https://thumb.wikimedia.org/wikipedia/commons/thumb/8/86/Rock_Shelter_3%2C_Bhimbetka_01.jpg/960px-Rock_Shelter_3%2C_Bhimbetka_01.jpg?utm_source=commons.wikimedia.org&utm_campaign=imageinfo&utm_content=thumbnail | https://thumb.wikimedia.org/wikipedia/commons/thumb/0/06/Rock_Shelter_3%2C_Bhimbetka_02.jpg/960px-Rock_Shelter_3%2C_Bhimbetka_02.jpg?utm_source=commons.wikimedia.org&utm_campaign=imageinfo&utm_content=thumbnail | https://thumb.wikimedia.org/wikipedia/commons/thumb/d/d6/Rock_Shelter_3%2C_Bhimbetka_03.jpg/960px-Rock_Shelter_3%2C_Bhimbetka_03.jpg?utm_source=commons.wikimedia.org&utm_campaign=imageinfo&utm_content=thumbnail
IND-HER-33,Basilica of Bom Jesus & Se Cathedral,बोम जिजस बेसिलिका (Bom Jesus Goa),UNESCO World Heritage Site,Mannerist Baroque Colonial Cathedral,Goa,"North Goa, Old Goa (Velha Goa)",15.5009,73.9116,W-GA-1,"234 (Churches and Convents of Goa, 1986)",Portuguese Colonial Era (Jesuit Order),1594 – 1605 CE (Late 16th-Early 17th Century),Jesuit Mannerist Baroque & Doric/Ionic Columns,"Exposed Red Laterite Stone, Basalt dressings, Teak wood altarpiece with gold leaf",Basilica Length: 56 m; Width: 17 m; Height: 18.5 m; Se Cathedral Golden Bell Tower,"Silver Casket containing Relics of St. Francis Xavier, Massive Gilded Baroque Altarpiece, Basalt Facade with Jesuit Insignia (IHS), Se Cathedral 'Golden Bell' (Largest in Goa), Chapel of the Miraculous Cross","The spiritual heart of Portuguese India. Bom Jesus is consecrated as a minor basilica and houses the 470-year-old preserved mortal remains of Saint Francis Xavier inside an ornate three-tiered silver casket crafted by 17th-century Florentine jeweler Giovanni Battista Foggini. Se Cathedral opposite is dedicated to Saint Catherine of Alexandria, built to celebrate Afonso de Albuquerque's conquest of Goa in 1510.",Open 09:00 AM to 06:30 PM (Sundays open 10:30 AM to 06:30 PM). Dress code: Sleeveless tops and short dresses strictly disallowed. Distance from Panaji: 10 km.,"Church of St. Francis of Assisi (adjacent, 100m), Archaeological Museum Old Goa (150m), Divar Island (3 km via ferry)",Archaeological Survey of India (Goa Circle) & Archdiocese of Goa and Daman,https://thumb.wikimedia.org/wikipedia/commons/thumb/2/2e/Basilica_of_Bom_Jesus_%28Goa%29_Front_Gate.jpg/960px-Basilica_of_Bom_Jesus_%28Goa%29_Front_Gate.jpg?utm_source=commons.wikimedia.org&utm_campaign=imageinfo&utm_content=thumbnail,7,https://thumb.wikimedia.org/wikipedia/commons/thumb/2/2e/Basilica_of_Bom_Jesus_%28Goa%29_Front_Gate.jpg/960px-Basilica_of_Bom_Jesus_%28Goa%29_Front_Gate.jpg?utm_source=commons.wikimedia.org&utm_campaign=imageinfo&utm_content=thumbnail | https://thumb.wikimedia.org/wikipedia/commons/thumb/f/f3/Basilica_of_Bom_Jesus_and_vehicles_parked_infront.jpg/960px-Basilica_of_Bom_Jesus_and_vehicles_parked_infront.jpg?utm_source=commons.wikimedia.org&utm_campaign=imageinfo&utm_content=thumbnail | https://thumb.wikimedia.org/wikipedia/commons/thumb/9/9e/Front_Elevation_of_Basilica_of_Bom_Jesus.jpg/960px-Front_Elevation_of_Basilica_of_Bom_Jesus.jpg?utm_source=commons.wikimedia.org&utm_campaign=imageinfo&utm_content=thumbnail | https://thumb.wikimedia.org/wikipedia/commons/thumb/6/69/Basilica_of_bom_jesus1.jpg/960px-Basilica_of_bom_jesus1.jpg?utm_source=commons.wikimedia.org&utm_campaign=imageinfo&utm_content=thumbnail | https://thumb.wikimedia.org/wikipedia/commons/thumb/0/05/Basilica_of_bom_jesus2.jpg/960px-Basilica_of_bom_jesus2.jpg?utm_source=commons.wikimedia.org&utm_campaign=imageinfo&utm_content=thumbnail | https://thumb.wikimedia.org/wikipedia/commons/thumb/8/8f/CathedralBomJesus.jpg/960px-CathedralBomJesus.jpg?utm_source=commons.wikimedia.org&utm_campaign=imageinfo&utm_content=thumbnail | https://thumb.wikimedia.org/wikipedia/commons/thumb/2/24/Old_church_and_Museum_at_Old_Goa_near_Basilica_Bom_Jesus_-_panoramio.jpg/960px-Old_church_and_Museum_at_Old_Goa_near_Basilica_Bom_Jesus_-_panoramio.jpg?utm_source=commons.wikimedia.org&utm_campaign=imageinfo&utm_content=thumbnail
IND-HER-34,Chhatrapati Shivaji Maharaj Terminus (CSMT),छत्रपती शिवाजी महाराज टर्मिनस (CSMT),UNESCO World Heritage Site,Victorian Gothic Revival Railway Palace,Maharashtra,"Mumbai City, Fort / Bori Bunder",18.94,72.8354,W-MH-A4,945rev (Inscribed 2004),British Raj (Architect Frederick William Stevens),1878 – 1887 CE (Late 19th Century),Victorian High Gothic Revival with Traditional Indian Palatial Motifs,"Malad Yellow Basalt Stone, Porbandar Sandstone, Italian Carrara Marble, Cast Iron Groined Vaults",Central Dome Height: 100 m; Footprint: 2.85 hectares; Serves over 3 million commuters daily,"Central Ribbed Octagonal Stone Dome surmounted by 4m 'Progress' Statue, Stone Balustrades with Gargoyles and Peacocks, Grand Cantilevered Staircase, Lion (Great Britain) and Tiger (India) Entrance Gate Pier Statues, Stained Glass Windows","Constructed over 10 years to mark the Golden Jubilee of Queen Victoria. Architect F.W. Stevens collaborated with students of Mumbai's Sir J.J. School of Art to incorporate indigenous stone carvings of Indian fauna, flora, and turbaned figures into traditional European Gothic ribbed vaults. Formed the terminus for the Great Indian Peninsula Railway, which operated the first commercial passenger train in Asia in 1853.",Operational 24x7 as a major railway terminus. Heritage museum wing open weekdays 02:00 PM to 05:00 PM. Spectacular night multi-color dynamic LED lighting viewable from BMC building plaza.,"BMC Headquarters Building (opposite, 50m), Crawford Market (800m), Gateway of India (2.5 km)",Central Railway (Ministry of Railways) & Archaeological Survey of India,https://thumb.wikimedia.org/wikipedia/commons/thumb/0/05/Chhatrapati_Shivaji_Maharaj_Terminus_CSMT_Mumbai_IMG_20230818_191824_%2812%29_05.jpg/960px-Chhatrapati_Shivaji_Maharaj_Terminus_CSMT_Mumbai_IMG_20230818_191824_%2812%29_05.jpg?utm_source=commons.wikimedia.org&utm_campaign=imageinfo&utm_content=thumbnail,7,https://thumb.wikimedia.org/wikipedia/commons/thumb/0/05/Chhatrapati_Shivaji_Maharaj_Terminus_CSMT_Mumbai_IMG_20230818_191824_%2812%29_05.jpg/960px-Chhatrapati_Shivaji_Maharaj_Terminus_CSMT_Mumbai_IMG_20230818_191824_%2812%29_05.jpg?utm_source=commons.wikimedia.org&utm_campaign=imageinfo&utm_content=thumbnail | https://thumb.wikimedia.org/wikipedia/commons/thumb/5/5a/Chhatrapati_Shivaji_Maharaj_Terminus_CSMT_Mumbai_IMG_20230818_191824_%2812%29_07.jpg/960px-Chhatrapati_Shivaji_Maharaj_Terminus_CSMT_Mumbai_IMG_20230818_191824_%2812%29_07.jpg?utm_source=commons.wikimedia.org&utm_campaign=imageinfo&utm_content=thumbnail | https://thumb.wikimedia.org/wikipedia/commons/thumb/9/9f/Chhatrapati_Shivaji_Terminus%2C_Mumbai.jpg/960px-Chhatrapati_Shivaji_Terminus%2C_Mumbai.jpg?utm_source=commons.wikimedia.org&utm_campaign=imageinfo&utm_content=thumbnail | https://thumb.wikimedia.org/wikipedia/commons/thumb/c/c5/Chhatrapati_Shivaji_Maharaj_Terminus_%28CSMT%29.jpg/960px-Chhatrapati_Shivaji_Maharaj_Terminus_%28CSMT%29.jpg?utm_source=commons.wikimedia.org&utm_campaign=imageinfo&utm_content=thumbnail | https://thumb.wikimedia.org/wikipedia/commons/thumb/6/6d/Chhatrapati_Shivaji_Maharaj_Terminus_2.jpg/960px-Chhatrapati_Shivaji_Maharaj_Terminus_2.jpg?utm_source=commons.wikimedia.org&utm_campaign=imageinfo&utm_content=thumbnail | https://thumb.wikimedia.org/wikipedia/commons/thumb/a/a4/Chhatrapati_Shivaji_Maharaj_Terminus_CSMT_Mumbai_IMG_20230818_191824_%2812%29_01.jpg/960px-Chhatrapati_Shivaji_Maharaj_Terminus_CSMT_Mumbai_IMG_20230818_191824_%2812%29_01.jpg?utm_source=commons.wikimedia.org&utm_campaign=imageinfo&utm_content=thumbnail | https://thumb.wikimedia.org/wikipedia/commons/thumb/e/ee/Chhatrapati_Shivaji_Maharaj_Terminus_CSMT_Mumbai_IMG_20230818_191824_%2812%29_03.jpg/960px-Chhatrapati_Shivaji_Maharaj_Terminus_CSMT_Mumbai_IMG_20230818_191824_%2812%29_03.jpg?utm_source=commons.wikimedia.org&utm_campaign=imageinfo&utm_content=thumbnail
IND-HER-35,Gwalior Fort & Man Mandir Palace,ग्वालियर क़िला (Gwalior Durg),Centrally Protected Monument (ASI),Hilltop Stronghold & Painted Turquoise Palace,Madhya Pradesh,"Gwalior District, Gwalior",26.2307,78.1695,C-MP-4,Component of Gwalior UNESCO Creative Cities Network,Tomara Dynasty (Raja Man Singh Tomar) & Scindia Dynasty,8th Century (Origin); Man Mandir: 1486 – 1516 CE,Medieval Rajput Palace Architecture with Glazed Turquoise Ceramic Tiles,"Gwalior Sandstone, Blue, Yellow, and Green Glazed Ceramic Tiles (Kashi work)",Hilltop Length: 2.8 km; Width: 200m to 850m; Steep 100m vertical sandstone escarpment,"Man Mandir Palace Turquoise Tile Inlay (Ducks, Elephants, and Peacocks), Teli ka Mandir (30m high Dravidian-style temple), Saas Bahu (Sahastrabahu) Temples, 7th-century Chaturbhuj Temple (Earliest written 'Zero' glyph in stone), 57 Colossal Rock-Cut Jain Tirthankara Statues","Described by Mughal Emperor Babur as 'the pearl amongst the fortresses of Hind'. Built atop a steep standalone sandstone ridge that controls the route from the Gangetic plains into Malwa. In 1858, legendary warrior queen Rani Lakshmibai of Jhansi fought her final heroic battle against British General Hugh Rose beneath its defensive ramparts.",Open 06:00 AM to 05:30 PM. Vehicle entry allowed via Urvai Gate. Daily evening Sound & Light show at Man Mandir courtyard narrated by Amitabh Bachchan.,"Jai Vilas Palace & Scindia Museum (3 km), Tomb of Tansen (2.5 km), Sun Temple Gwalior (6 km)",Archaeological Survey of India (Bhopal Circle),https://thumb.wikimedia.org/wikipedia/commons/thumb/8/85/India_impressions%2C_with_some_notes_of_Ceylon_during_a_winter_tour%2C_1906-7_%28IA_indiaimpressions00cran%29.pdf/page1-500px-India_impressions%2C_with_some_notes_of_Ceylon_during_a_winter_tour%2C_1906-7_%28IA_indiaimpressions00cran%29.pdf.jpg?utm_source=commons.wikimedia.org&utm_campaign=imageinfo&utm_content=thumbnail,7,https://thumb.wikimedia.org/wikipedia/commons/thumb/8/85/India_impressions%2C_with_some_notes_of_Ceylon_during_a_winter_tour%2C_1906-7_%28IA_indiaimpressions00cran%29.pdf/page1-500px-India_impressions%2C_with_some_notes_of_Ceylon_during_a_winter_tour%2C_1906-7_%28IA_indiaimpressions00cran%29.pdf.jpg?utm_source=commons.wikimedia.org&utm_campaign=imageinfo&utm_content=thumbnail | https://thumb.wikimedia.org/wikipedia/commons/thumb/5/5c/India_impressions%2C_with_some_notes_of_Ceylon_during_a_winter_tour%2C_1906-7_%28microform%29_%28IA_indiaimpressions00cranrich%29.pdf/page1-500px-India_impressions%2C_with_some_notes_of_Ceylon_during_a_winter_tour%2C_1906-7_%28microform%29_%28IA_indiaimpressions00cranrich%29.pdf.jpg?utm_source=commons.wikimedia.org&utm_campaign=imageinfo&utm_content=thumbnail | https://thumb.wikimedia.org/wikipedia/commons/thumb/9/99/Man_Singh_Palace%2C_Gwalior_Fort%2C_Madhya_Pradesh.jpg/960px-Man_Singh_Palace%2C_Gwalior_Fort%2C_Madhya_Pradesh.jpg?utm_source=commons.wikimedia.org&utm_campaign=imageinfo&utm_content=thumbnail | https://thumb.wikimedia.org/wikipedia/commons/thumb/4/42/Interior_of_North_Room%2C_Man_Mandir%2C_Gwalior_Fort..jpg/960px-Interior_of_North_Room%2C_Man_Mandir%2C_Gwalior_Fort..jpg?utm_source=commons.wikimedia.org&utm_campaign=imageinfo&utm_content=thumbnail | https://thumb.wikimedia.org/wikipedia/commons/thumb/9/93/Main_entrance_%26_Man_Mandir%2C_Gwalior_Fort..jpg/960px-Main_entrance_%26_Man_Mandir%2C_Gwalior_Fort..jpg?utm_source=commons.wikimedia.org&utm_campaign=imageinfo&utm_content=thumbnail | https://thumb.wikimedia.org/wikipedia/commons/thumb/f/fc/Man_Mandir_Palace%2C_Gwalior_Fort%2C_Gwalior%2C_Madhya_Pradesh%2C_India_%282018%29.jpg/960px-Man_Mandir_Palace%2C_Gwalior_Fort%2C_Gwalior%2C_Madhya_Pradesh%2C_India_%282018%29.jpg?utm_source=commons.wikimedia.org&utm_campaign=imageinfo&utm_content=thumbnail | https://upload.wikimedia.org/wikipedia/commons/6/69/Man_Mandir_Palace_Gwalior_Fort_-_panoramio.jpg?utm_source=commons.wikimedia.org&utm_campaign=imageinfo&utm_content=thumbnail_unscaled
IND-HER-36,Daulatabad Fort & Chand Minar,दौलताबाद किल्ला (Devagiri Fort),Centrally Protected Monument (ASI),Impregnable Deccani Medieval Fortress,Maharashtra,Chhatrapati Sambhaji Nagar (Aurangabad),19.9431,75.2131,W-MH-A5,Tentative List (Monuments of Deccan Sultanate),Yadava Dynasty (King Bhillama V) & Tughlaq / Bahmani / Nizam Shahi,1187 – 1636 CE (12th-17th Century),Deccani Military Defense Fortification (Conical hill citadel with pitch-black maze),"Chiselled Basalt Mountain, Lime mortar, Cast bronze cannons","Conical hill height: 200 m (656 ft); Three concentric rings of curtain walls (Kala Kot, Mahakot, Amberkot)","Chand Minar (64-meter Victory Minaret built by Alauddin Bahmani), Andhari (Pitch-Dark Subterranean Maze Passage with lethal false steps), Moat filled with Crocodiles, Mendha Cannon (Ram-headed bronze cannon), Chini Mahal royal prison","Considered the most impregnable defensive fortress in medieval India. The natural basalt hill was scarped vertically to create a 50-meter sheer cliff drops into a deep water moat. In 1327 CE, Sultan Muhammad bin Tughlaq infamously ordered the entire population of Delhi to march 1,100 km south to make Daulatabad his new capital. Captured by Aurangzeb in 1636 after a prolonged siege.",Open 09:00 AM to 06:00 PM. High physical difficulty: requires ascending 750 steep rock-hewn steps through the pitch-black Andhari tunnel; flashlights mandatory.,"Ellora Caves (13 km), Khuldabad Sufi Shrines (10 km), Bibi Ka Maqbara (14 km)",Archaeological Survey of India (Aurangabad Circle),https://thumb.wikimedia.org/wikipedia/commons/thumb/a/a8/Chand_Minar_inside_premises_of_Daultabad_fort_alias_Deogiri_Fort%2C_Daulatabad%2C_Maharashtra_05.jpg/960px-Chand_Minar_inside_premises_of_Daultabad_fort_alias_Deogiri_Fort%2C_Daulatabad%2C_Maharashtra_05.jpg?utm_source=commons.wikimedia.org&utm_campaign=imageinfo&utm_content=thumbnail,7,https://thumb.wikimedia.org/wikipedia/commons/thumb/a/a8/Chand_Minar_inside_premises_of_Daultabad_fort_alias_Deogiri_Fort%2C_Daulatabad%2C_Maharashtra_05.jpg/960px-Chand_Minar_inside_premises_of_Daultabad_fort_alias_Deogiri_Fort%2C_Daulatabad%2C_Maharashtra_05.jpg?utm_source=commons.wikimedia.org&utm_campaign=imageinfo&utm_content=thumbnail | https://thumb.wikimedia.org/wikipedia/commons/thumb/3/31/Chand_Minar_inside_premises_of_Daultabad_fort_alias_Deogiri_Fort%2C_Daulatabad%2C_Maharashtra_22.jpg/960px-Chand_Minar_inside_premises_of_Daultabad_fort_alias_Deogiri_Fort%2C_Daulatabad%2C_Maharashtra_22.jpg?utm_source=commons.wikimedia.org&utm_campaign=imageinfo&utm_content=thumbnail | https://thumb.wikimedia.org/wikipedia/commons/thumb/d/da/Chand_Minar_inside_premises_of_Daultabad_fort_alias_Deogiri_Fort%2C_Daulatabad%2C_Maharashtra_25.jpg/960px-Chand_Minar_inside_premises_of_Daultabad_fort_alias_Deogiri_Fort%2C_Daulatabad%2C_Maharashtra_25.jpg?utm_source=commons.wikimedia.org&utm_campaign=imageinfo&utm_content=thumbnail | https://thumb.wikimedia.org/wikipedia/commons/thumb/a/a1/Chand_Minar%2CDaulatabad_fort_%28from_entrance%29.jpg/960px-Chand_Minar%2CDaulatabad_fort_%28from_entrance%29.jpg?utm_source=commons.wikimedia.org&utm_campaign=imageinfo&utm_content=thumbnail | https://thumb.wikimedia.org/wikipedia/commons/thumb/5/59/Chand_Minar_Daulatabad_Fort_Daulatabad_India_-_panoramio_%281%29.jpg/960px-Chand_Minar_Daulatabad_Fort_Daulatabad_India_-_panoramio_%281%29.jpg?utm_source=commons.wikimedia.org&utm_campaign=imageinfo&utm_content=thumbnail | https://thumb.wikimedia.org/wikipedia/commons/thumb/c/c2/Daulatabad_Fort%2C_Aurangabad_-_panoramio_%2885%29.jpg/960px-Daulatabad_Fort%2C_Aurangabad_-_panoramio_%2885%29.jpg?utm_source=commons.wikimedia.org&utm_campaign=imageinfo&utm_content=thumbnail | https://thumb.wikimedia.org/wikipedia/commons/thumb/6/6a/Daulatabad_Fort_%26_Chand_Minar_Aurangabad_Maharashtra.jpg/960px-Daulatabad_Fort_%26_Chand_Minar_Aurangabad_Maharashtra.jpg?utm_source=commons.wikimedia.org&utm_campaign=imageinfo&utm_content=thumbnail
IND-HER-37,Raigad Fort (Capital of Maratha Empire),किल्ले रायगड (Raigad Durg),Centrally Protected Monument (ASI),Capital Hill Citadel of Chhatrapati Shivaji Maharaj,Maharashtra,"Raigad District, Mahad",18.2346,73.4447,W-MH-A6,Component of Maratha Military Landscapes UNESCO Nomination,Maratha Empire (Chhatrapati Shivaji Maharaj / Hiroji Indulkar),1674 CE (Coronation Capital),Maratha Indigenous Military Hill Fortress Architecture,"Rough-hewn Basalt Stone, Timber frames, Lime concrete","Elevation: 820 m (2,700 ft) above sea level; Summit plateau: 2.5 km long by 1.5 km wide","Maha Darwaza (Flanked by 70-foot bastions), Raj Sabha (Grand Coronation Throne Room of Shivaji Maharaj with acoustic design), Hirkani Buruj sheer cliff bastion, Jagdishwar Temple and Shivaji Maharaj's Samadhi, Takmak Tok execution point","Chosen by Chhatrapati Shivaji Maharaj as the capital of the sovereign Maratha Empire, where he was coronated as 'Chhatrapati' on June 6, 1674. Strategically situated in the Western Ghats surrounded by deep valleys on all sides, ensuring natural defense. The royal market street (Bazaar Peth) was elevated on plinths allowing Maratha horse riders to shop without dismounting.","Open 08:00 AM to 06:00 PM. Accessible either by climbing 1,737 stone steps (2.5 hours) or via the modern Raigad Ropeway aerial cable car (4 minutes).","Gandharpale Buddhist Caves (25 km), Mahabaleshwar (70 km), Alibaug (100 km)",Archaeological Survey of India (Mumbai Circle) & Raigad Development Authority,https://thumb.wikimedia.org/wikipedia/commons/thumb/b/b7/Chhatrapati_Shivaji_Maharaj_Samadhi.jpg/960px-Chhatrapati_Shivaji_Maharaj_Samadhi.jpg?utm_source=commons.wikimedia.org&utm_campaign=imageinfo&utm_content=thumbnail,7,https://thumb.wikimedia.org/wikipedia/commons/thumb/b/b7/Chhatrapati_Shivaji_Maharaj_Samadhi.jpg/960px-Chhatrapati_Shivaji_Maharaj_Samadhi.jpg?utm_source=commons.wikimedia.org&utm_campaign=imageinfo&utm_content=thumbnail | https://thumb.wikimedia.org/wikipedia/commons/thumb/7/7a/Chhatrapati_Shivaji_Maharaj_Samadhi_Raigad.jpg/960px-Chhatrapati_Shivaji_Maharaj_Samadhi_Raigad.jpg?utm_source=commons.wikimedia.org&utm_campaign=imageinfo&utm_content=thumbnail | https://thumb.wikimedia.org/wikipedia/commons/thumb/a/a3/Samadhi_of_Shivaji_Maharaj.jpg/960px-Samadhi_of_Shivaji_Maharaj.jpg?utm_source=commons.wikimedia.org&utm_campaign=imageinfo&utm_content=thumbnail | https://upload.wikimedia.org/wikipedia/commons/f/f5/India_Folk_Historical_Place_In_Maharashtra_09.jpg?utm_source=commons.wikimedia.org&utm_campaign=imageinfo&utm_content=thumbnail_unscaled | https://upload.wikimedia.org/wikipedia/commons/e/e4/India_Folk_Historical_Place_In_Maharashtra_17.jpg?utm_source=commons.wikimedia.org&utm_campaign=imageinfo&utm_content=thumbnail_unscaled | https://upload.wikimedia.org/wikipedia/commons/8/85/India_Folk_Historical_Place_In_Maharashtra_22.jpg?utm_source=commons.wikimedia.org&utm_campaign=imageinfo&utm_content=thumbnail_unscaled | https://upload.wikimedia.org/wikipedia/commons/f/f6/Raigad_Fort.png?utm_source=commons.wikimedia.org&utm_campaign=imageinfo&utm_content=thumbnail_unscaled
IND-HER-38,Murud-Janjira Sea Fort,मुरुड जंजिरा किल्ला (Murud Janjira),Centrally Protected Monument (ASI),Unconquered Island Marine Fortress,Maharashtra,"Raigad District, Murud",18.3006,72.9642,W-MH-A7,Component of Maratha Military Landscapes Nomination,Siddis of Janjira (Habshi/Abyssinian Naval Chieftains),15th – 17th Century CE,Marine Coastal Bastion Architecture,"Basalt Blocks, Lead and Molten Glass joints, High-strength lime-sand mortar",Oval island footprint: 22 acres; 19 rounded bastions rising 40 feet out of the Arabian Sea,"19 Round Stone Bastions directly kissing sea waves, Concealed Main Entrance Gate (Sher Darwaza), Kalal Bangadi (Third-largest cannon in India, 22 tonnes of 5-metal alloy), Freshwater Lakes amidst salty sea, Ruined Palaces of the Siddi Nawabs","One of the only island sea fortresses in Indian history that remained unconquered despite furious naval and artillery assaults over centuries by the Marathas, the British East India Company, and the Portuguese. Held by the Siddis (naval warriors of Ethiopian/Abyssinian descent). Houses two natural freshwater spring reservoirs despite being completely surrounded by the salty waters of the Arabian Sea.",Open 07:00 AM to 06:00 PM (Subject to sea tidal conditions). Accessible exclusively by traditional wooden sailboats from Rajapuri Jetty (15-minute sail). Closed during monsoon (June to Sept).,"Kashid Beach (20 km), Padmadurg Sea Fort (built by Shivaji to counter Janjira, 4 km offshore), Alibaug (50 km)",Archaeological Survey of India (Mumbai Circle),https://thumb.wikimedia.org/wikipedia/commons/thumb/c/c9/Murud-Janjira_Fort%2C_Raigad%2C_India.jpg/960px-Murud-Janjira_Fort%2C_Raigad%2C_India.jpg?utm_source=commons.wikimedia.org&utm_campaign=imageinfo&utm_content=thumbnail,7,https://thumb.wikimedia.org/wikipedia/commons/thumb/c/c9/Murud-Janjira_Fort%2C_Raigad%2C_India.jpg/960px-Murud-Janjira_Fort%2C_Raigad%2C_India.jpg?utm_source=commons.wikimedia.org&utm_campaign=imageinfo&utm_content=thumbnail | https://thumb.wikimedia.org/wikipedia/commons/thumb/9/90/Out_side_sea_view_from_Murud-Janjira_fort_Raigad_Maharashtra%2C_India.jpg/960px-Out_side_sea_view_from_Murud-Janjira_fort_Raigad_Maharashtra%2C_India.jpg?utm_source=commons.wikimedia.org&utm_campaign=imageinfo&utm_content=thumbnail | https://upload.wikimedia.org/wikipedia/commons/7/7d/Sea_beach1_Murud_Janjira_Fort%2C_Raigad%2C_Maharashtra.JPG?utm_source=commons.wikimedia.org&utm_campaign=imageinfo&utm_content=thumbnail_unscaled | https://thumb.wikimedia.org/wikipedia/commons/thumb/5/59/Murud_Janjira_Fort_-_Chor_Darwaza_or_small_postern_gate_towards_the_open_sea_for_escape.JPG/960px-Murud_Janjira_Fort_-_Chor_Darwaza_or_small_postern_gate_towards_the_open_sea_for_escape.JPG?utm_source=commons.wikimedia.org&utm_campaign=imageinfo&utm_content=thumbnail | https://upload.wikimedia.org/wikipedia/commons/f/ff/Sea_beach2_near_Murud_Janjira_Fort%2C_Raigad%2C_Maharashtra.JPG?utm_source=commons.wikimedia.org&utm_campaign=imageinfo&utm_content=thumbnail_unscaled | https://upload.wikimedia.org/wikipedia/commons/0/03/Sea_beach3_near_Murud_Janjira_Fort%2C_Raigad%2C_Maharashtra.JPG?utm_source=commons.wikimedia.org&utm_campaign=imageinfo&utm_content=thumbnail_unscaled | https://upload.wikimedia.org/wikipedia/commons/b/bc/Sea_beach4_near_Murud_Janjira_Fort%2C_Raigad%2C_Maharashtra.JPG?utm_source=commons.wikimedia.org&utm_campaign=imageinfo&utm_content=thumbnail_unscaled
IND-HER-39,Gol Gumbaz (The Whispering Gallery),ಗೋಲ್ ಗುಮ್ಮಟ (Gol Gumbaz),Centrally Protected Monument (ASI),Acoustic Wonder & Adil Shahi Mausoleum,Karnataka,"Vijayapura (Bijapur) District, Bijapur",16.8306,75.7361,S-KA-4,Tentative List (Monuments of Deccan Sultanate),Adil Shahi Dynasty (Sultan Mohammed Adil Shah),1626 – 1656 CE (17th Century),Deccani Indo-Islamic Classical Architecture,"Dark Grey Basalt stone, Plaster masonry, Pendentive interlocking brick arch vaulting","Dome External Diameter: 44 m (144 ft); Height: 51 m (167 ft); Floor area: 1,700 sq m without central pillar supports","Massive Hemispherical Free-Standing Dome (Second largest in the world after St. Peter's in Rome), Whispering Gallery running along the inner circumference, Four 8-Storey Octagonal Minaret Corner Towers, Lotus Petal Cornices, Adil Shahi Cenotaphs","Constructed as the grand mausoleum of Mohammed Adil Shah, 7th Sultan of Bijapur. The central dome rests on intersecting eight-point arches without a single central pillar support. Its internal Whispering Gallery is an acoustic miracle: the softest whisper against the stone wall travels around the 44-meter gallery and can be heard clearly on the opposite side, while a single handclap echoes distinctly 7 to 11 times.","Open 06:00 AM to 06:00 PM daily. To experience the acoustic echo effect without crowd noise, enter immediately at opening (06:00 to 07:30 AM).","Ibrahim Rauza (The Black Taj of South India, 3.5 km), Malik-e-Maidan Cannon (3 km), Badami (120 km)",Archaeological Survey of India (Dharwad Circle),https://thumb.wikimedia.org/wikipedia/commons/thumb/d/d0/Adil_Shah%27s_Tomb%2C_Inside_Gol_Gumbaz%2C_Bijapur%2C_Karnataka.jpg/960px-Adil_Shah%27s_Tomb%2C_Inside_Gol_Gumbaz%2C_Bijapur%2C_Karnataka.jpg?utm_source=commons.wikimedia.org&utm_campaign=imageinfo&utm_content=thumbnail,7,https://thumb.wikimedia.org/wikipedia/commons/thumb/d/d0/Adil_Shah%27s_Tomb%2C_Inside_Gol_Gumbaz%2C_Bijapur%2C_Karnataka.jpg/960px-Adil_Shah%27s_Tomb%2C_Inside_Gol_Gumbaz%2C_Bijapur%2C_Karnataka.jpg?utm_source=commons.wikimedia.org&utm_campaign=imageinfo&utm_content=thumbnail | https://thumb.wikimedia.org/wikipedia/commons/thumb/1/1d/Gol_Gumbaz%2C_Bijapur%2C_Karnataka.jpg/960px-Gol_Gumbaz%2C_Bijapur%2C_Karnataka.jpg?utm_source=commons.wikimedia.org&utm_campaign=imageinfo&utm_content=thumbnail | https://thumb.wikimedia.org/wikipedia/commons/thumb/0/08/Gol_Gumbaz_-4%2C_Bijapur%2C_Karnataka.jpg/960px-Gol_Gumbaz_-4%2C_Bijapur%2C_Karnataka.jpg?utm_source=commons.wikimedia.org&utm_campaign=imageinfo&utm_content=thumbnail | https://thumb.wikimedia.org/wikipedia/commons/thumb/1/1a/A_view_of_Whispering_Gallery_Gol_Gumbaz.JPG/960px-A_view_of_Whispering_Gallery_Gol_Gumbaz.JPG?utm_source=commons.wikimedia.org&utm_campaign=imageinfo&utm_content=thumbnail | https://thumb.wikimedia.org/wikipedia/commons/thumb/5/57/Bijapur_-_Gol_Gumbuz_View_from_the_Whispering_Gallery.jpg/960px-Bijapur_-_Gol_Gumbuz_View_from_the_Whispering_Gallery.jpg?utm_source=commons.wikimedia.org&utm_campaign=imageinfo&utm_content=thumbnail | https://thumb.wikimedia.org/wikipedia/commons/thumb/2/26/Gol-Gumbaz..._the_WHISPERING_GALLERY_from_top.jpg/960px-Gol-Gumbaz..._the_WHISPERING_GALLERY_from_top.jpg?utm_source=commons.wikimedia.org&utm_campaign=imageinfo&utm_content=thumbnail | https://thumb.wikimedia.org/wikipedia/commons/thumb/d/db/Gol_Gumbaz_-5%2C_Bijapur%2C_Karnataka.jpg/960px-Gol_Gumbaz_-5%2C_Bijapur%2C_Karnataka.jpg?utm_source=commons.wikimedia.org&utm_campaign=imageinfo&utm_content=thumbnail
IND-HER-40,Mysore Palace (Amba Vilas Palace),ಮೈಸೂರು ಅರಮನೆ (Mysore Palace),State Heritage Monument & Royal Residence,Indo-Saracenic Royal Palace,Karnataka,"Mysuru District, Mysuru",12.3051,76.6551,KA-HER-1,Karnataka State Heritage Masterpiece,Wadiyar Dynasty (Maharani Kempananjammanni & Maharaja Krishnaraja Wadiyar IV),1897 – 1912 CE (Designed by Henry Irwin),"Indo-Saracenic with Neo-Classical, Rajput, and Gothic embellishments","Fine Grey Granite with Pink Marble Domes, Cast Iron Pillars, Bohemian Crystal Chandeliers, Teakwood carvings",Facade Length: 75 m; Width: 48 m; Tower Height: 44 m; Palace grounds: 72 acres,"Durbar Hall with Ornate Painted Ceiling and Granite Columns, Kalyana Mantapa (Octagonal Stained Glass Marriage Pavilion), 97,000 Incandescent Bulbs Illumination, Golden Howdah (Elephant throne crafted of 80 kg gold), Gombe Thotti (Dolls Pavilion)","Official residence of the Wadiyar dynasty who ruled the Kingdom of Mysore. Built after the old wooden palace burned down during a royal wedding in 1897. Commissioned from British architect Henry Irwin. Famous worldwide for its spectacular Mysore Dasara festivities, where the Golden Throne is mounted atop royal caparisoned elephants in grand state procession.","Palace open 10:00 AM to 05:30 PM daily. Grand illumination with 97,000 electric bulbs on Sundays and public holidays from 07:00 PM to 07:45 PM. Audio guide headsets available in multiple languages.","Chamundi Hills & Sri Chamundeshwari Temple (12 km), Srirangapatna (Tipu Sultan's capital, 16 km), Brindavan Gardens (19 km)",Mysore Palace Board (Government of Karnataka),https://thumb.wikimedia.org/wikipedia/commons/thumb/a/ad/Mysore_palace_at_night_01.jpg/960px-Mysore_palace_at_night_01.jpg?utm_source=commons.wikimedia.org&utm_campaign=imageinfo&utm_content=thumbnail,7,https://thumb.wikimedia.org/wikipedia/commons/thumb/a/ad/Mysore_palace_at_night_01.jpg/960px-Mysore_palace_at_night_01.jpg?utm_source=commons.wikimedia.org&utm_campaign=imageinfo&utm_content=thumbnail | https://thumb.wikimedia.org/wikipedia/commons/thumb/4/4d/Mysore_palace_at_night_03.jpg/960px-Mysore_palace_at_night_03.jpg?utm_source=commons.wikimedia.org&utm_campaign=imageinfo&utm_content=thumbnail | https://thumb.wikimedia.org/wikipedia/commons/thumb/3/36/Mysore_palace_at_night_10.jpg/960px-Mysore_palace_at_night_10.jpg?utm_source=commons.wikimedia.org&utm_campaign=imageinfo&utm_content=thumbnail | https://upload.wikimedia.org/wikipedia/commons/d/d1/Amba_Vilas_palace.jpg?utm_source=commons.wikimedia.org&utm_campaign=imageinfo&utm_content=thumbnail_unscaled | https://thumb.wikimedia.org/wikipedia/commons/thumb/1/10/Mysore_Amba_Vilas_palace.jpg/960px-Mysore_Amba_Vilas_palace.jpg?utm_source=commons.wikimedia.org&utm_campaign=imageinfo&utm_content=thumbnail | https://thumb.wikimedia.org/wikipedia/commons/thumb/1/1b/Mysore_Palace%2C_Amba_Vilas_Maharaja_Palace%2C_Mysore%2C_Karnataka.jpg/960px-Mysore_Palace%2C_Amba_Vilas_Maharaja_Palace%2C_Mysore%2C_Karnataka.jpg?utm_source=commons.wikimedia.org&utm_campaign=imageinfo&utm_content=thumbnail | https://thumb.wikimedia.org/wikipedia/commons/thumb/5/59/Mysore_Palace_%281%29.jpg/960px-Mysore_Palace_%281%29.jpg?utm_source=commons.wikimedia.org&utm_campaign=imageinfo&utm_content=thumbnail
IND-HER-41,Jagannath Temple (Puri),ଶ୍ରୀ ଜଗନ୍ନାଥ ମନ୍ଦିର (Puri Jagannath),Centrally Protected Monument (ASI),Char Dham Sacred Kalinga Sanctuary,Odisha,"Puri District, Puri",19.8048,85.8179,E-OD-2,National Sacred Treasure of India,Eastern Ganga Dynasty (King Anantavarman Chodaganga Deva),1161 CE (12th Century),Kalinga Architecture (Bada Deula with Pancharatha plan),"Chiselled Khondalite and Sandstone blocks, Iron clamps, Lime whitewash coat",Main Deula Height: 65 m (214 ft); Enclosed compound area: 10.7 acres surrounded by 20-foot high Meghanada Pacheri walls,"Neelachakra (Eight-spoke Ashtadhatu wheel atop the 65m spire), Patitapavana Holy Flag flying opposite wind direction, Baisi Pahacha (22 Sacred Steps), Anandabazar (World's largest open-air food market), Ratha Yatra Chariots (Nandighosha, Taladhwaja, Darpadalana)","One of the sacred Char Dham pilgrimage sites of Hinduism, dedicated to Lord Jagannath, Balabhadra, and Subhadra. The wooden deities are ritually remade every 12-19 years from sacred neem logs in the mysterious 'Nabakalebara' ceremony. The temple kitchen (Roshaghara) is the largest in the world, preparing pure Mahaprasad for up to 100,000 devotees daily using traditional earthen pots stacked seven high over wood fires.",Open 05:00 AM to 11:00 PM. Non-Hindus permitted up to the Lion Gate (Singhadwara) and can view the complex from the Raghunandan Library rooftop. All electronic devices and leather items prohibited.,"Puri Golden Beach (1.5 km), Konark Sun Temple (35 km), Chilika Lake Bird Sanctuary (40 km)",Shree Jagannath Temple Administration (SJTA) & Archaeological Survey of India (Bhubaneswar Circle),https://thumb.wikimedia.org/wikipedia/commons/thumb/5/51/Jagannath_Temple%2C_Puri_02.jpg/960px-Jagannath_Temple%2C_Puri_02.jpg?utm_source=commons.wikimedia.org&utm_campaign=imageinfo&utm_content=thumbnail,7,https://thumb.wikimedia.org/wikipedia/commons/thumb/5/51/Jagannath_Temple%2C_Puri_02.jpg/960px-Jagannath_Temple%2C_Puri_02.jpg?utm_source=commons.wikimedia.org&utm_campaign=imageinfo&utm_content=thumbnail | https://thumb.wikimedia.org/wikipedia/commons/thumb/e/e2/Jagannath_Temple%2C_Puri_03.jpg/960px-Jagannath_Temple%2C_Puri_03.jpg?utm_source=commons.wikimedia.org&utm_campaign=imageinfo&utm_content=thumbnail | https://thumb.wikimedia.org/wikipedia/commons/thumb/7/7b/Jagannath_Temple%2C_Puri_04.jpg/960px-Jagannath_Temple%2C_Puri_04.jpg?utm_source=commons.wikimedia.org&utm_campaign=imageinfo&utm_content=thumbnail | https://thumb.wikimedia.org/wikipedia/commons/thumb/b/bf/Jagannath_Temple%2C_Puri_06.jpg/960px-Jagannath_Temple%2C_Puri_06.jpg?utm_source=commons.wikimedia.org&utm_campaign=imageinfo&utm_content=thumbnail | https://thumb.wikimedia.org/wikipedia/commons/thumb/4/43/Jagannath_Temple%2C_Puri_08.jpg/960px-Jagannath_Temple%2C_Puri_08.jpg?utm_source=commons.wikimedia.org&utm_campaign=imageinfo&utm_content=thumbnail | https://thumb.wikimedia.org/wikipedia/commons/thumb/3/33/Jagannath_Temple%2C_Puri_09.jpg/960px-Jagannath_Temple%2C_Puri_09.jpg?utm_source=commons.wikimedia.org&utm_campaign=imageinfo&utm_content=thumbnail | https://thumb.wikimedia.org/wikipedia/commons/thumb/f/f3/Lord_Jagannath_temple_at_night.jpg/960px-Lord_Jagannath_temple_at_night.jpg?utm_source=commons.wikimedia.org&utm_campaign=imageinfo&utm_content=thumbnail
IND-HER-42,Cellular Jail (Kala Pani),सेलुलर जेल (काला पानी),National Memorial & Monument,Colonial Panopticon Prison Complex,Andaman and Nicobar Islands,"South Andaman, Port Blair",11.6739,92.7478,ASI National Memorial,National Heritage Monument of India,British Raj (Public Works Department),1896 – 1906 CE (Turn of 20th Century),Jeremy Bentham Panopticon Surveillance Architecture,"Pucca Red Bricks shipped from Burma (Myanmar), Granite blocks, Cast iron gratings",Originally 7 three-storey wings radiating from a central watchtower; 693 individual solitary confinement cells (13.5ft x 7.5ft),"Central Hexagonal Watchtower, Solitary Confinement Cell of Veer Savarkar, Gallows Execution Chamber, Eternal Flame of Freedom Martyrs, Three Surviving Radiating Prison Wings","Infamous colonial penitentiary where Indian freedom fighters (including Veer Savarkar, Batukeshwar Dutt, and Yogendra Shukla) were exiled and subjected to inhuman solitary confinement and hard labour (operating heavy oil-pressing mills). Named 'Cellular' because each cell was designed to ensure total acoustic and visual isolation, preventing any prisoner communication. Declared a National Memorial in 1979.",Open 09:00 AM to 12:30 PM & 01:30 PM to 04:45 PM (Closed Mondays and National Holidays). Evening Sound & Light show detailing the Indian freedom movement.,"Corbyn's Cove Beach (7 km), Ross Island / Netaji Subhash Chandra Bose Island (3 km via boat), Samudrika Marine Museum (3 km)",Andaman and Nicobar Administration (Art & Culture Directorate),https://thumb.wikimedia.org/wikipedia/commons/thumb/a/a5/Cellular_Jail%2C_Andaman%2C_Port_Blair%2C_India.jpg/960px-Cellular_Jail%2C_Andaman%2C_Port_Blair%2C_India.jpg?utm_source=commons.wikimedia.org&utm_campaign=imageinfo&utm_content=thumbnail,7,https://thumb.wikimedia.org/wikipedia/commons/thumb/a/a5/Cellular_Jail%2C_Andaman%2C_Port_Blair%2C_India.jpg/960px-Cellular_Jail%2C_Andaman%2C_Port_Blair%2C_India.jpg?utm_source=commons.wikimedia.org&utm_campaign=imageinfo&utm_content=thumbnail | https://thumb.wikimedia.org/wikipedia/commons/thumb/3/3d/Cellular_Jail%2C_Andaman_%26_Nicobar%2C_Port_Blair%2C_India%2C_night_view.jpg/960px-Cellular_Jail%2C_Andaman_%26_Nicobar%2C_Port_Blair%2C_India%2C_night_view.jpg?utm_source=commons.wikimedia.org&utm_campaign=imageinfo&utm_content=thumbnail | https://thumb.wikimedia.org/wikipedia/commons/thumb/7/7c/Cellular_jail-1-port_blair-andaman-India.jpg/960px-Cellular_jail-1-port_blair-andaman-India.jpg?utm_source=commons.wikimedia.org&utm_campaign=imageinfo&utm_content=thumbnail | https://thumb.wikimedia.org/wikipedia/commons/thumb/0/09/Cellular_Jail.jpg/960px-Cellular_Jail.jpg?utm_source=commons.wikimedia.org&utm_campaign=imageinfo&utm_content=thumbnail | https://thumb.wikimedia.org/wikipedia/commons/thumb/0/08/Cellular_Jail_Andaman_KALA_PANI.jpg/960px-Cellular_Jail_Andaman_KALA_PANI.jpg?utm_source=commons.wikimedia.org&utm_campaign=imageinfo&utm_content=thumbnail | https://thumb.wikimedia.org/wikipedia/commons/thumb/c/c1/Cellular_jail_Andaman_11.jpg/960px-Cellular_jail_Andaman_11.jpg?utm_source=commons.wikimedia.org&utm_campaign=imageinfo&utm_content=thumbnail | https://thumb.wikimedia.org/wikipedia/commons/thumb/f/f7/Cellular_jail_Andaman_15.jpg/960px-Cellular_jail_Andaman_15.jpg?utm_source=commons.wikimedia.org&utm_campaign=imageinfo&utm_content=thumbnail
IND-HER-43,Kamakhya Temple (Guwahati),কামাখ্যা দেৱালয় (Kamakhya Mandir),Ancient Shakti Peetha Sanctuary,Nilachal Hybrid Nilachal-Style Temple,Assam,"Kamrup Metropolitan, Guwahati",26.1664,91.7052,AS-HER-1,Assam State Heritage Monument,Koch Dynasty (King Naranarayan & General Chilarai) & Ahom Kings,8th – 9th Century (Origin); Rebuilt 1565 CE,Nilachal Architecture (Hemispherical beehive dome on cruciform plinth),"Local Sandstone plinth, Burnt brick dome, Brass kalasha finial",Perched atop Nilachal Hill at 800 feet elevation; Complex of 10 Mahavidya temples,"Beehive-shaped Shikhara, Underground Garbhagriha with Natural Rock Fissure Spring (Yoni Mudra), Intricate Relief Sculptures of Hindu Deities, Tortoise Pond, View of River Brahmaputra","The foremost of the 51 sacred Shakti Peethas, where according to legend the yoni (reproductive organ) of Goddess Sati fell. Sacked by Kalapahar in 1553 and rebuilt in 1565 by Koch King Naranarayan and his general Chilarai, creating the unique 'Nilachal' architectural hybrid combining a rounded Nagara shikhara with an Islamic-style dome. Host to the annual Ambubachi Mela celebrating the Earth's fertility cycle.",Open 05:30 AM to 01:00 PM & 02:30 PM to 06:00 PM. VIP darshan passes available online. Located 8 km from Guwahati Railway Station.,"Umananda Island Temple (Smallest river island in the world, 6 km), Srimanta Sankaradeva Kalakshetra (15 km), Pobitora Wildlife Sanctuary (50 km)",Kamakhya Devalaya Bordeuri Samaj & Tourism Department Assam,https://thumb.wikimedia.org/wikipedia/commons/thumb/d/dc/Kamakhya_Temple%2C_Guwahati.jpg/960px-Kamakhya_Temple%2C_Guwahati.jpg?utm_source=commons.wikimedia.org&utm_campaign=imageinfo&utm_content=thumbnail,7,https://thumb.wikimedia.org/wikipedia/commons/thumb/d/dc/Kamakhya_Temple%2C_Guwahati.jpg/960px-Kamakhya_Temple%2C_Guwahati.jpg?utm_source=commons.wikimedia.org&utm_campaign=imageinfo&utm_content=thumbnail | https://thumb.wikimedia.org/wikipedia/commons/thumb/2/2f/Kamakhya_Temple_Guwahati.jpg/960px-Kamakhya_Temple_Guwahati.jpg?utm_source=commons.wikimedia.org&utm_campaign=imageinfo&utm_content=thumbnail | https://thumb.wikimedia.org/wikipedia/commons/thumb/4/46/Kamakhya_Temple_on_the_Ambubachi_Mela%2C_2023.jpg/960px-Kamakhya_Temple_on_the_Ambubachi_Mela%2C_2023.jpg?utm_source=commons.wikimedia.org&utm_campaign=imageinfo&utm_content=thumbnail | https://thumb.wikimedia.org/wikipedia/commons/thumb/d/dc/A_sadhu_taking_a_nap_outside_Kamakhya_temple.jpg/960px-A_sadhu_taking_a_nap_outside_Kamakhya_temple.jpg?utm_source=commons.wikimedia.org&utm_campaign=imageinfo&utm_content=thumbnail | https://commons.wikimedia.org/w/resources/assets/file-type-icons/fileicon-ogg.png | https://thumb.wikimedia.org/wikipedia/commons/thumb/5/5c/Local_musicians_singing_bhajan_at_kamakhya_temple%2C_Guwahati%2C_Assam%2C_India.webm/960px--Local_musicians_singing_bhajan_at_kamakhya_temple%2C_Guwahati%2C_Assam%2C_India.webm.jpg?utm_source=commons.wikimedia.org&utm_campaign=imageinfo | https://thumb.wikimedia.org/wikipedia/commons/thumb/7/76/Maa_Kamakhya_Temple%2C_Guwahati%2C_Assam.jpg/960px-Maa_Kamakhya_Temple%2C_Guwahati%2C_Assam.jpg?utm_source=commons.wikimedia.org&utm_campaign=imageinfo&utm_content=thumbnail
IND-HER-44,Rang Ghar & Talatal Ghar (Ahom Kingdom),ৰংঘৰ আৰু তলাতল ঘৰ (Rang Ghar),Centrally Protected Monument (ASI),Royal Sports Amphitheatre & Subterranean Palace,Assam,"Sivasagar District, Sivasagar",26.9631,94.6231,NE-AS-1,Component of Ahom Monuments Tentative List,Ahom Dynasty (Swargadeo Pramatta Singha & Rajeswar Singha),1744 – 1751 CE (18th Century),Indigenous Ahom Architecture (Inverted boat-shaped roof),"Flat Thin Bricks, Indigenous Mortar (Karoli-Bor: sticky rice, duck eggs, snail lime, and fish oil)","Rang Ghar: 2-storey pavilion, 10m high x 27m wide; Talatal Ghar: 7-storey palace (3 subterranean)","Inverted Royal Longboat Shaped Roof, Sculptured Crocodile Horn Finials, Royal Balcony facing the Rupahi Pathar arena, Secret Subterranean Escape Tunnels connecting to Dikhow River","Rang Ghar ('House of Entertainment') is Asia's oldest surviving royal outdoor amphitheatre, where Ahom kings sat to watch buffalo fights, falconry, and wrestling during Rongali Bihu celebrations. The nearby Talatal Ghar palace featured three underground secret escape tunnels engineered to evacuate the royal family during Burmese or Mughal invasions, constructed with an extraordinary indigenous mortar made of sticky rice and duck eggs.",Open 09:00 AM to 05:00 PM daily. Located 3 km from Sivasagar town. Easy road connectivity from Jorhat Airport (55 km).,"Talatal Ghar (2 km), Kareng Ghar at Gargaon (15 km), Charaideo Maidams (Ahom Royal Mounds, UNESCO Site, 28 km)",Archaeological Survey of India (Guwahati Circle),https://thumb.wikimedia.org/wikipedia/commons/thumb/6/64/Rang_Ghar_The_first_Indian_pavilion.jpg/960px-Rang_Ghar_The_first_Indian_pavilion.jpg?utm_source=commons.wikimedia.org&utm_campaign=imageinfo&utm_content=thumbnail,3,https://thumb.wikimedia.org/wikipedia/commons/thumb/6/64/Rang_Ghar_The_first_Indian_pavilion.jpg/960px-Rang_Ghar_The_first_Indian_pavilion.jpg?utm_source=commons.wikimedia.org&utm_campaign=imageinfo&utm_content=thumbnail | https://thumb.wikimedia.org/wikipedia/commons/thumb/1/17/Rang_Ghar_view_from_gate_with_Dragon_statues.jpg/960px-Rang_Ghar_view_from_gate_with_Dragon_statues.jpg?utm_source=commons.wikimedia.org&utm_campaign=imageinfo&utm_content=thumbnail | https://thumb.wikimedia.org/wikipedia/commons/thumb/f/f7/Rang_Ghar_view_in_rain.jpg/960px-Rang_Ghar_view_in_rain.jpg?utm_source=commons.wikimedia.org&utm_campaign=imageinfo&utm_content=thumbnail
IND-HER-45,Martand Sun Temple,मार्तंड सूर्य मंदिर (Martand Temple),Centrally Protected Monument (ASI),Kashmiri Classical Stone Temple Ruins,Jammu and Kashmir,"Anantnag District, Mattan",33.7464,75.2206,N-JK-1,National Heritage Monument of India,Karkota Dynasty (Emperor Lalitaditya Muktapida),8th Century CE (c. 725 – 756 CE),Classical Kashmiri Architecture (Gandharan-Greco-Roman fusion with Trefoil arches),"Massive Dressed Limestone ashlar blocks joined with iron dowels, Lime mortar",Peristyle Courtyard: 67 m x 43 m; 84 fluted Doric-inspired colonnade pillars enclosing central sanctum,"Trefoil Arched Entrance Gateway, 84 Fluted Classical Pillars, Central Vimana with Sun God reliefs, Panoramic vista over the Kashmir Valley and Pir Panjal mountain range","Commissioned by Emperor Lalitaditya Muktapida, the greatest military conqueror of the Karkota dynasty who expanded Kashmiri suzerainty into Central Asia. Built atop a plateau overlooking the entire Kashmir Valley. Synthesizes Greco-Roman Gandharan fluted columns, Roman arches, and Hindu sacred iconography. Destroyed in the early 15th century by Sultan Sikandar Butshikan.",Open sunrise to sunset daily. Located 9 km from Anantnag and 64 km from Srinagar. High security clearance zone with peaceful tourist access.,"Mattan Temple (3 km), Achabal Mughal Gardens (12 km), Pahalgam Valley (40 km)",Archaeological Survey of India (Srinagar Circle),https://thumb.wikimedia.org/wikipedia/commons/thumb/f/fa/1_Sun_Temple_Martand_Jammu_Kashmir_India_ancient_Hindu_temple_in_ruins.jpg/960px-1_Sun_Temple_Martand_Jammu_Kashmir_India_ancient_Hindu_temple_in_ruins.jpg?utm_source=commons.wikimedia.org&utm_campaign=imageinfo&utm_content=thumbnail,7,https://thumb.wikimedia.org/wikipedia/commons/thumb/f/fa/1_Sun_Temple_Martand_Jammu_Kashmir_India_ancient_Hindu_temple_in_ruins.jpg/960px-1_Sun_Temple_Martand_Jammu_Kashmir_India_ancient_Hindu_temple_in_ruins.jpg?utm_source=commons.wikimedia.org&utm_campaign=imageinfo&utm_content=thumbnail | https://thumb.wikimedia.org/wikipedia/commons/thumb/4/41/Martand_-_Sun_Temple_Panorama.jpg/960px-Martand_-_Sun_Temple_Panorama.jpg?utm_source=commons.wikimedia.org&utm_campaign=imageinfo&utm_content=thumbnail | https://thumb.wikimedia.org/wikipedia/commons/thumb/6/60/Martand_Sun_Temple%2C_J%26K_01.jpg/960px-Martand_Sun_Temple%2C_J%26K_01.jpg?utm_source=commons.wikimedia.org&utm_campaign=imageinfo&utm_content=thumbnail | https://thumb.wikimedia.org/wikipedia/commons/thumb/2/20/Martand_Sun_Temple_Central_shrine_%286133772365%29.jpg/960px-Martand_Sun_Temple_Central_shrine_%286133772365%29.jpg?utm_source=commons.wikimedia.org&utm_campaign=imageinfo&utm_content=thumbnail | https://thumb.wikimedia.org/wikipedia/commons/thumb/f/f2/Martand_Sun_Temple_enclosure_%286134371538%29.jpg/960px-Martand_Sun_Temple_enclosure_%286134371538%29.jpg?utm_source=commons.wikimedia.org&utm_campaign=imageinfo&utm_content=thumbnail | https://thumb.wikimedia.org/wikipedia/commons/thumb/f/fa/Martand_Sun_Temple_in_1873.jpg/960px-Martand_Sun_Temple_in_1873.jpg?utm_source=commons.wikimedia.org&utm_campaign=imageinfo&utm_content=thumbnail | https://thumb.wikimedia.org/wikipedia/commons/thumb/3/35/Martanda_sun_temple.jpg/960px-Martanda_sun_temple.jpg?utm_source=commons.wikimedia.org&utm_campaign=imageinfo&utm_content=thumbnail
IND-HER-46,Bishnupur Terracotta Temples,বিষ্ণুপুর পোড়ামাটির মন্দির (Bishnupur),Centrally Protected Monument (ASI),Bengal Chala Terracotta Shrines,West Bengal,"Bankura District, Bishnupur",23.0673,87.3188,E-WB-2,Tentative List (Temples at Bishnupur),Malla Dynasty (Raja Bir Hambir & Raghunath Singha),16th – 17th Century CE,Bengal Chala & Ratna Architecture (Curved thatched roof mimicry in terracotta),"Alluvial Clay Terracotta Baked Tiles, Laterite stone plinths",Rasmancha: 24m square pyramidal monument; Shyam Rai: Pancha-ratna (5-pinnacle) shrine,"Pancha-Ratna (Five Towers) of Shyam Rai Temple, Exquisite Baked Terracotta Wall Panels depicting Ramayana and Mahabharata battle scenes, Rasmancha Pyramidal Pavilion with 108 arched portals, Madan Mohan Temple, Dalmadal Cannon (Maratha siege cannon)","Because alluvial Bengal lacks hard building stones, Malla kingdom craftsmen transformed fine river silt into baked red terracotta tiles, carving thousands of miniature narrative scenes of Krishna-lila and royal elephant processions. The Rasmancha, built in 1600 CE, is unique in all of India: a stepped brick pyramid surrounded by tiered galleries of arches where deities from all neighboring villages were assembled annually during the grand Ras festival.",Open 06:00 AM to 06:00 PM. Famous for handcrafted Baluchari silk sarees. Located 140 km from Kolkata (3.5 hours by train).,"Joypur Forest (14 km), Mukutmanipur Dam (45 km), Bankura (35 km)",Archaeological Survey of India (Kolkata Circle),https://thumb.wikimedia.org/wikipedia/commons/thumb/3/34/Bishnupur_Shyam_Rai_Temple_Script.JPG/960px-Bishnupur_Shyam_Rai_Temple_Script.JPG?utm_source=commons.wikimedia.org&utm_campaign=imageinfo&utm_content=thumbnail,7,https://thumb.wikimedia.org/wikipedia/commons/thumb/3/34/Bishnupur_Shyam_Rai_Temple_Script.JPG/960px-Bishnupur_Shyam_Rai_Temple_Script.JPG?utm_source=commons.wikimedia.org&utm_campaign=imageinfo&utm_content=thumbnail | https://thumb.wikimedia.org/wikipedia/commons/thumb/3/39/ShyamRai_Mandir_Bishnupur_WB_Terracotta_works_1.jpg/960px-ShyamRai_Mandir_Bishnupur_WB_Terracotta_works_1.jpg?utm_source=commons.wikimedia.org&utm_campaign=imageinfo&utm_content=thumbnail | https://thumb.wikimedia.org/wikipedia/commons/thumb/1/1c/ShyamRai_Mandir_Bishnupur_WB_Terracotta_works_3.jpg/960px-ShyamRai_Mandir_Bishnupur_WB_Terracotta_works_3.jpg?utm_source=commons.wikimedia.org&utm_campaign=imageinfo&utm_content=thumbnail | https://thumb.wikimedia.org/wikipedia/commons/thumb/8/89/Bishnupur_terracotta_temple.jpg/960px-Bishnupur_terracotta_temple.jpg?utm_source=commons.wikimedia.org&utm_campaign=imageinfo&utm_content=thumbnail | https://thumb.wikimedia.org/wikipedia/commons/thumb/e/ee/Jor-Bangla_Temple%2C_traditionally_known_as_Kestaraya_Temple%2C_in_Bishnupur%2C_West_Bengal%2C_India.jpg/960px-Jor-Bangla_Temple%2C_traditionally_known_as_Kestaraya_Temple%2C_in_Bishnupur%2C_West_Bengal%2C_India.jpg?utm_source=commons.wikimedia.org&utm_campaign=imageinfo&utm_content=thumbnail | https://thumb.wikimedia.org/wikipedia/commons/thumb/0/09/Jor_Mandir_01.jpg/960px-Jor_Mandir_01.jpg?utm_source=commons.wikimedia.org&utm_campaign=imageinfo&utm_content=thumbnail | https://thumb.wikimedia.org/wikipedia/commons/thumb/a/a0/Jor_Mandir_03.jpg/960px-Jor_Mandir_03.jpg?utm_source=commons.wikimedia.org&utm_campaign=imageinfo&utm_content=thumbnail
IND-HER-47,Lepakshi Veerabhadra Temple & Hanging Pillar,లేపాక్షి వీరభద్ర స్వామి ఆలయం (Lepakshi),Centrally Protected Monument (ASI),Vijayanagara Rock Temple & Architectural Marvel,Andhra Pradesh,"Sri Sathya Sai District, Lepakshi",13.8037,77.6062,H-AP-1,Tentative List (Lepakshi Veerabhadra Temple),Vijayanagara Empire (Brothers Virupanna and Veeranna),1530 – 1545 CE (16th Century),Vijayanagara Style (Monolithic Rock Carving & Frescoes),"Monolithic Granite Gneiss Outcrop (Kurma Saila hill), Fresco tempera pigments","Hanging Pillar: 70 pillars support the ceiling, with 1 pillar floating 1 inch off the floor; Monolithic Nandi: 4.5m high x 8.2m long","Famous Hanging Pillar (Leaves clear gap above the stone floor; cloth can pass underneath), Monolithic Nagalinga (7-headed hooded serpent coiled around lingam), Giant Monolithic Basava Nandi Bull, Fresco Ceiling of Virupanna on Natya Mandapa roof, Sita's Giant Footprint","Built on the tortoiseshell-shaped hill 'Kurma Saila'. Legend states this is where the wounded divine bird Jatayu fell after battling Ravana during Sita's abduction (Lord Rama cried 'Le Pakshi' - Rise Bird). The famous Hanging Pillar hangs detached from the granite floor, supported only by the ceiling cantilever structure, baffling engineers for centuries.",Open 06:00 AM to 06:00 PM daily. Located 120 km north of Bengaluru Airport (2.5 hours via NH 44).,"Bengaluru (120 km), Puttaparthi (65 km), Penukonda Fort (40 km)",Archaeological Survey of India (Hyderabad Circle),https://thumb.wikimedia.org/wikipedia/commons/thumb/8/86/Basavannah_Temple_Nandi.jpg/960px-Basavannah_Temple_Nandi.jpg?utm_source=commons.wikimedia.org&utm_campaign=imageinfo&utm_content=thumbnail,7,https://thumb.wikimedia.org/wikipedia/commons/thumb/8/86/Basavannah_Temple_Nandi.jpg/960px-Basavannah_Temple_Nandi.jpg?utm_source=commons.wikimedia.org&utm_campaign=imageinfo&utm_content=thumbnail | https://thumb.wikimedia.org/wikipedia/commons/thumb/7/79/LPK19-82-Lepakshi-Monolithic_Nandi_statue_0730.jpg/960px-LPK19-82-Lepakshi-Monolithic_Nandi_statue_0730.jpg?utm_source=commons.wikimedia.org&utm_campaign=imageinfo&utm_content=thumbnail | https://thumb.wikimedia.org/wikipedia/commons/thumb/c/cd/LPK19-83-Lepakshi-Monolithic_Nandi_statue_and_Jatayu_statue_0734.jpg/960px-LPK19-83-Lepakshi-Monolithic_Nandi_statue_and_Jatayu_statue_0734.jpg?utm_source=commons.wikimedia.org&utm_campaign=imageinfo&utm_content=thumbnail | https://thumb.wikimedia.org/wikipedia/commons/thumb/5/5c/Hanging_Pillar%2C_Veerabhadra_Temple%2C_Lepakshi%2C_Andhra_Pradesh%2C_India_%282006%29.jpg/960px-Hanging_Pillar%2C_Veerabhadra_Temple%2C_Lepakshi%2C_Andhra_Pradesh%2C_India_%282006%29.jpg?utm_source=commons.wikimedia.org&utm_campaign=imageinfo&utm_content=thumbnail | https://thumb.wikimedia.org/wikipedia/commons/thumb/a/ab/Hanging_Pillar_Of_Lepakshi.jpg/960px-Hanging_Pillar_Of_Lepakshi.jpg?utm_source=commons.wikimedia.org&utm_campaign=imageinfo&utm_content=thumbnail | https://upload.wikimedia.org/wikipedia/commons/4/4b/Hanging_pillar%2C_Veerabhadra_Temple%2C_Lepakshi%2C_AndhraPradesh.jpg?utm_source=commons.wikimedia.org&utm_campaign=imageinfo&utm_content=thumbnail_unscaled | https://thumb.wikimedia.org/wikipedia/commons/thumb/5/5a/LEPAKSHI_TEMPLE.jpg/960px-LEPAKSHI_TEMPLE.jpg?utm_source=commons.wikimedia.org&utm_campaign=imageinfo&utm_content=thumbnail
IND-HER-48,Badami Cave Temples,ಬಾದಾಮಿ ಗುಹಾಂತರ ದೇವಾಲಯಗಳು (Badami),Centrally Protected Monument (ASI),Early Chalukya Rock-Cut Cave Shrines,Karnataka,"Bagalkot District, Badami",15.9189,75.6767,S-KA-5,Tentative List (Evolution of Temple Architecture - Aihole-Badami-Pattadakal),Early Chalukya Dynasty (Pulakeshin I & Mangalesha),540 – 578 CE (6th Century),Early Chalukyan Rock-Cut Architecture,Monolithic Red Sandstone Ravine Cliffs overlooking Agastya Lake,"Four rock-cut caves carved into cliffs (Cave 1: Shiva, Cave 2 & 3: Vishnu, Cave 4: Jain Tirthankaras)","Cave 1 18-Armed Dancing Nataraja (Demonstrating 81 Bharatanatyam mudras), Cave 3 Varaha and Narasimha Colossal Reliefs, Cave 4 Mahavira and Parshvanatha Tirthankaras, Bhootnath Temple on Agastya Lake edge, Agastya Lake reservoir","Capital of the Early Chalukyas (then known as Vatapi), situated in a rugged red sandstone canyon. King Pulakeshin II famously defeated Emperor Harsha of Kannauj on the banks of Narmada River from this capital. Sacked in 642 CE by Pallava King Narasimhavarman I, who assumed the title 'Vatapikonda' (Conqueror of Vatapi).",Open 06:00 AM to 06:00 PM. High monkey activity; beware of food packets. Ideal combined with Pattadakal and Aihole.,"Pattadakal (22 km), Aihole (35 km), Mahakuta (14 km)",Archaeological Survey of India (Dharwad Circle),https://thumb.wikimedia.org/wikipedia/commons/thumb/7/7c/6th_century_Nataraja_relief_at_the_Badami_Cave_temples.jpg/960px-6th_century_Nataraja_relief_at_the_Badami_Cave_temples.jpg?utm_source=commons.wikimedia.org&utm_campaign=imageinfo&utm_content=thumbnail,7,https://thumb.wikimedia.org/wikipedia/commons/thumb/7/7c/6th_century_Nataraja_relief_at_the_Badami_Cave_temples.jpg/960px-6th_century_Nataraja_relief_at_the_Badami_Cave_temples.jpg?utm_source=commons.wikimedia.org&utm_campaign=imageinfo&utm_content=thumbnail | https://thumb.wikimedia.org/wikipedia/commons/thumb/7/7f/Badami_cave_temples%2C_cave_1_-_hamvrvb102k22_%282%29.jpg/960px-Badami_cave_temples%2C_cave_1_-_hamvrvb102k22_%282%29.jpg?utm_source=commons.wikimedia.org&utm_campaign=imageinfo&utm_content=thumbnail | https://thumb.wikimedia.org/wikipedia/commons/thumb/e/e7/Badami_cave_temples%2C_cave_1_-_hamvrvb102k22_%284%29.jpg/960px-Badami_cave_temples%2C_cave_1_-_hamvrvb102k22_%284%29.jpg?utm_source=commons.wikimedia.org&utm_campaign=imageinfo&utm_content=thumbnail | https://thumb.wikimedia.org/wikipedia/commons/thumb/8/82/6th_-_7th_century_Badami_cave_temples_layout_exterior_annotated.jpg/960px-6th_-_7th_century_Badami_cave_temples_layout_exterior_annotated.jpg?utm_source=commons.wikimedia.org&utm_campaign=imageinfo&utm_content=thumbnail | https://thumb.wikimedia.org/wikipedia/commons/thumb/2/24/A-cave-temple-at-badami.JPG/960px-A-cave-temple-at-badami.JPG?utm_source=commons.wikimedia.org&utm_campaign=imageinfo&utm_content=thumbnail | https://thumb.wikimedia.org/wikipedia/commons/thumb/5/5c/Badami_Cave_Temples_-_Sculpture.jpg/960px-Badami_Cave_Temples_-_Sculpture.jpg?utm_source=commons.wikimedia.org&utm_campaign=imageinfo&utm_content=thumbnail | https://thumb.wikimedia.org/wikipedia/commons/thumb/f/f3/Badami_caves_Cave_One_%2814%29.jpg/960px-Badami_caves_Cave_One_%2814%29.jpg?utm_source=commons.wikimedia.org&utm_campaign=imageinfo&utm_content=thumbnail
IND-HER-49,Aihole (Cradle of Indian Temple Architecture),ಐಹೊಳೆ (Aihole Temple Complex),Centrally Protected Monument (ASI),Experimental Temple Laboratory Complex,Karnataka,"Bagalkot District, Aihole",16.0222,75.8822,S-KA-6,Tentative List (Aihole Complex),Early Chalukya Dynasty,5th – 8th Century CE,Early Experimental Hindu & Jain Architecture (Apsidal Durga Temple),"Reddish Sandstone blocks, Ashlar masonry without bonding cement",Over 125 stone temples clustered over the Malaprabha River valley,"Apsidal Durga Temple (Gajaprishtha/Elephant-back plan with pillared peristyle), Lad Khan Temple (Ancient cave-temple inspired hall), Meguti Jain Temple with Ravikirti's 634 CE Pulakeshin II Inscription, Huchappayya Matha, Ravana Phadi Cave","Revered as the experimental 'cradle and laboratory of Hindu temple architecture' in India, where ancient guilds tested diverse shikhara designs, mandapas, and layouts. The Meguti Temple contains the priceless 634 CE Sanskrit stone inscription composed by court poet Ravikirti, which accurately dates the Mahabharata war and celebrates Pulakeshin II's military defeat of Emperor Harsha.",Open 09:00 AM to 05:00 PM daily. ASI on-site museum displays Chalukya sculpture masterpieces.,"Pattadakal (14 km), Badami (35 km), Mahakuta (25 km)",Archaeological Survey of India (Dharwad Circle),https://thumb.wikimedia.org/wikipedia/commons/thumb/3/3a/Durga_Temple_-_Aihole_with_cloud.jpg/960px-Durga_Temple_-_Aihole_with_cloud.jpg?utm_source=commons.wikimedia.org&utm_campaign=imageinfo&utm_content=thumbnail,4,https://thumb.wikimedia.org/wikipedia/commons/thumb/3/3a/Durga_Temple_-_Aihole_with_cloud.jpg/960px-Durga_Temple_-_Aihole_with_cloud.jpg?utm_source=commons.wikimedia.org&utm_campaign=imageinfo&utm_content=thumbnail | https://thumb.wikimedia.org/wikipedia/commons/thumb/1/16/Durga_Temple_Ceiling%2C_Aihole%2C_Karnataka.jpg/960px-Durga_Temple_Ceiling%2C_Aihole%2C_Karnataka.jpg?utm_source=commons.wikimedia.org&utm_campaign=imageinfo&utm_content=thumbnail | https://thumb.wikimedia.org/wikipedia/commons/thumb/1/14/Durga_temple%2C_Aihole_Karnataka.jpg/960px-Durga_temple%2C_Aihole_Karnataka.jpg?utm_source=commons.wikimedia.org&utm_campaign=imageinfo&utm_content=thumbnail | https://upload.wikimedia.org/wikipedia/commons/a/a1/Shiva_Temple_Ruin.jpg?utm_source=commons.wikimedia.org&utm_campaign=imageinfo&utm_content=thumbnail_unscaled
IND-HER-50,Bekal Fort (Sea Bastion of Malabar),ബേക്കൽ കോട്ട (Bekal Fort),Centrally Protected Monument (ASI),Coastal Marine Promontory Fortress,Kerala,"Kasaragod District, Bekal",12.3926,75.0306,S-KL-1,State Heritage Coastal Monument,Keladi Nayakas (Shivappa Nayaka) & Tipu Sultan,1650 CE (17th Century),Malabar Coastal Military Defense Architecture,"Chiselled Red Laterite Stone Blocks, Lime plaster, Heavy sea masonry",Footprint: 40 acres; Keyhole-shaped coastal peninsula jutting into the Arabian Sea,"Observation Watchtower at Center (Offering 360-degree sea view), Keyhole Defensive Bastion Wall Layout, Sea Gate with Concealed Escape Tunnel, Gun Holes at varying angles (High for ships, Low for landing boats), Anjaneya Temple","Largest and best-preserved fort in Kerala. Unlike traditional administrative palaces, Bekal was built purely as a military sea defense bastion. Its observation tower at the center was designed so a commander could spot incoming naval warships 15 km away, with multi-level embrasures allowing musket and cannon fire at enemy vessels regardless of sea tides.",Open 08:00 AM to 05:30 PM. Beautiful seaside promenade with sunset views over the Arabian Sea.,"Kappil Beach (5 km), Ananthapura Lake Temple (30 km), Mangaluru Airport (65 km)",Archaeological Survey of India (Thrissur Circle) & Bekal Tourism Development Corporation,https://thumb.wikimedia.org/wikipedia/commons/thumb/7/74/Bekal_fort_kasaragod_15.jpg/960px-Bekal_fort_kasaragod_15.jpg?utm_source=commons.wikimedia.org&utm_campaign=imageinfo&utm_content=thumbnail,3,https://thumb.wikimedia.org/wikipedia/commons/thumb/7/74/Bekal_fort_kasaragod_15.jpg/960px-Bekal_fort_kasaragod_15.jpg?utm_source=commons.wikimedia.org&utm_campaign=imageinfo&utm_content=thumbnail | https://thumb.wikimedia.org/wikipedia/commons/thumb/3/3a/Bekal_fort_kasaragod_20.jpg/960px-Bekal_fort_kasaragod_20.jpg?utm_source=commons.wikimedia.org&utm_campaign=imageinfo&utm_content=thumbnail | https://thumb.wikimedia.org/wikipedia/commons/thumb/6/67/Bekal_fort_kasaragod_21.jpg/960px-Bekal_fort_kasaragod_21.jpg?utm_source=commons.wikimedia.org&utm_campaign=imageinfo&utm_content=thumbnail
IND-ART-01,Harappan Bronze 'Dancing Girl',नर्तकी (Dancing Girl - Mohenjo-daro),National Museum Masterpiece,Prehistoric Lost-Wax Cast Bronze Sculpture,Delhi (National Museum),"Central Delhi, Janpath",28.6118,77.2193,National Museum Accession No. HR 5721/195,National Treasure of India (Global Icon),Indus Valley Civilization (Mature Harappan Phase),"c. 2500 BCE (4,500 years old)",Cire-Perdue (Lost-Wax) Bronze Metallurgical Casting,High-tin Bronze (Alloy of copper and tin with natural lead traces),Height: 10.5 cm (4.1 in); Width: 5 cm; Depth: 2.5 cm; Weight: approx. 332 grams,"Tribhanga (Tri-bent) Dynamic Posture, Left Arm laden with 25 bangles made of bone/terracotta, Right Arm resting boldly on hip, Elaborate Hair Coiffure coiled in bun, Cowrie Shell Amulet Necklace, Naturalistic elongated limbs","Excavated in 1926 by archaeologist Ernest J.H. Mackay at Mohenjo-daro (HR area). Archaeologist Sir Mortimer Wheeler wrote: 'There is her insolent little stance, she's about fifteen years old, but she stands there with her hands on her hips and her legs slightly forward, perfectly confident of herself and the world.' Proves that 4,500 years ago, Harappans mastered complex lost-wax metallurgical casting centuries before the Aegean civilizations.","Displayed in the Harappan Gallery, National Museum, Janpath, New Delhi. Open 10:00 AM to 06:00 PM (Closed Mondays). Museum photography allowed without flash.","India Gate (1 km), National Gallery of Modern Art (1.2 km), Rashtrapati Bhavan (2 km)","National Museum, New Delhi (Ministry of Culture, Govt of India)",https://thumb.wikimedia.org/wikipedia/commons/thumb/b/bc/Bronze_%22Dancing_Girl%2C%22_Mohenjo-daro%2C_c._2500_BC.jpg/960px-Bronze_%22Dancing_Girl%2C%22_Mohenjo-daro%2C_c._2500_BC.jpg?utm_source=commons.wikimedia.org&utm_campaign=imageinfo&utm_content=thumbnail,4,https://thumb.wikimedia.org/wikipedia/commons/thumb/b/bc/Bronze_%22Dancing_Girl%2C%22_Mohenjo-daro%2C_c._2500_BC.jpg/960px-Bronze_%22Dancing_Girl%2C%22_Mohenjo-daro%2C_c._2500_BC.jpg?utm_source=commons.wikimedia.org&utm_campaign=imageinfo&utm_content=thumbnail | https://thumb.wikimedia.org/wikipedia/commons/thumb/9/91/Dancing_Girl_-_National_Museum%2C_New_Delhi.jpg/960px-Dancing_Girl_-_National_Museum%2C_New_Delhi.jpg?utm_source=commons.wikimedia.org&utm_campaign=imageinfo&utm_content=thumbnail | https://thumb.wikimedia.org/wikipedia/commons/thumb/a/a9/Dancing_Girl_National_Museum_Delhi.jpg/960px-Dancing_Girl_National_Museum_Delhi.jpg?utm_source=commons.wikimedia.org&utm_campaign=imageinfo&utm_content=thumbnail | https://upload.wikimedia.org/wikipedia/commons/0/00/Dancing_Girl_engraving_on_a_potsherd.jpg?utm_source=commons.wikimedia.org&utm_campaign=imageinfo&utm_content=thumbnail_unscaled
IND-ART-02,Lion Capital of Ashoka (National Emblem of India),अशोक की सिंह चतुर्मुख स्तंभशीर्ष (Ashoka Lion Capital),National Museum Masterpiece,Polished Mauryan Monolithic Pillar Capital,Uttar Pradesh (Sarnath Archaeological Museum),"Varanasi District, Sarnath",25.3811,83.0232,ASI Museum Sarnath Acc. No. 544,"Adopted as National Emblem of India (Jan 26, 1950)",Maurya Empire (Emperor Ashoka the Great),c. 250 BCE (3rd Century BCE),Mauryan Court Art (High Glass-like Mirror Polish),Single monolithic block of fine-grained Chunar Sandstone,Height: 2.15 m (7.05 ft); Base Diameter: 0.9 m; Mirror polished abacus,"Four Asiatic Lions seated back-to-back facing cardinal directions, Abacus frieze with 4 animals (Elephant, Galloping Horse, Humped Bull, Lion), 24-Spoked Ashoka Chakra wheels separating animals, Inverted Bell-shaped Bell Lotus base","Originally crowned the 15-meter Ashokan Pillar at Deer Park in Sarnath, marking the exact spot where Gautama Buddha delivered his first sermon (Dharmachakra Pravartana). The four roaring lions symbolize the Dharma radiating fearless truth to all four corners of the universe. Adopted on 26 January 1950 as the official National Emblem of the Republic of India; the Ashoka Chakra adorns the center of the Indian National Flag.","Displayed at the Sarnath Archaeological Museum, Sarnath, Varanasi. Open 09:00 AM to 05:00 PM (Closed Fridays). Footwear covers provided.","Dhamek Stupa Sarnath (200m), Mulagandha Kuti Vihara (400m), Varanasi Ghats (10 km)",Archaeological Survey of India (Sarnath Museum) & Ministry of Culture,https://thumb.wikimedia.org/wikipedia/commons/thumb/c/c9/Buddhist_Wheel_of_the_Law_surmounting_the_Lion_Capital_of_Ashoka--_best_fit_of_fragments_in_a_circle_at_the_Museum_of_Archaeology_Sarnath-outer_and_internal_diameters.jpg/960px-thumbnail.jpg?utm_source=commons.wikimedia.org&utm_campaign=imageinfo&utm_content=thumbnail,6,https://thumb.wikimedia.org/wikipedia/commons/thumb/c/c9/Buddhist_Wheel_of_the_Law_surmounting_the_Lion_Capital_of_Ashoka--_best_fit_of_fragments_in_a_circle_at_the_Museum_of_Archaeology_Sarnath-outer_and_internal_diameters.jpg/960px-thumbnail.jpg?utm_source=commons.wikimedia.org&utm_campaign=imageinfo&utm_content=thumbnail | https://thumb.wikimedia.org/wikipedia/commons/thumb/8/8b/Buddhist_Wheel_of_the_Law_surmounting_the_Lion_Capital_of_Ashoka--_best_fit_of_fragments_in_a_circle_at_the_Museum_of_Archaeology_Sarnath.jpg/960px-Buddhist_Wheel_of_the_Law_surmounting_the_Lion_Capital_of_Ashoka--_best_fit_of_fragments_in_a_circle_at_the_Museum_of_Archaeology_Sarnath.jpg?utm_source=commons.wikimedia.org&utm_campaign=imageinfo&utm_content=thumbnail | https://upload.wikimedia.org/wikipedia/commons/2/2d/Lion_Capital_Sarnath%2C_Catalogue_of_the_Museum_of_Archaeology_Sarnath_1911%2C.jpg?utm_source=commons.wikimedia.org&utm_campaign=imageinfo&utm_content=thumbnail_unscaled | https://thumb.wikimedia.org/wikipedia/commons/thumb/8/8d/Ashokan_Lion_Capital_India%27s_National_Emblem_Sarnath_Archeological_Museum.jpg/960px-Ashokan_Lion_Capital_India%27s_National_Emblem_Sarnath_Archeological_Museum.jpg?utm_source=commons.wikimedia.org&utm_campaign=imageinfo&utm_content=thumbnail | https://thumb.wikimedia.org/wikipedia/commons/thumb/1/10/National_Emblem_of_India.jpg/960px-National_Emblem_of_India.jpg?utm_source=commons.wikimedia.org&utm_campaign=imageinfo&utm_content=thumbnail | https://upload.wikimedia.org/wikipedia/commons/d/df/Photograph_of_the_Lion_Capital_at_Sarnath%2C_Uttar_Pradesh_by_Madho_Prasad%2C_c.1905.jpg?utm_source=commons.wikimedia.org&utm_campaign=imageinfo&utm_content=thumbnail_unscaled
IND-ART-03,Didarganj Yakshi (Chauri Bearer),दीदारगंज यक्षी (Didarganj Yakshi),National Museum Masterpiece,Life-Size Monolithic Polished Free-Standing Sculpture,Bihar (Bihar Museum),"Patna District, Patna",25.6111,85.1147,Bihar Museum Display No. 1,National Treasure of India,Maurya Empire / Early Shunga Period,3rd – 2nd Century BCE,Mauryan Imperial Monumental Sculpture with Luster Polish,Single block of buff-coloured Chunar Sandstone with exquisite Mauryan mirror glaze,"Height: 1.63 m (5 ft 4 in, 6 ft 4 in including pedestal); Carved completely in the round","Chauri (Fly-whisk) held in right hand, Intricate multi-strand beaded girdle (Mekhala) on waist, Heavy anklets and coiled necklaces, Translucent folds of pleated dhoti garment, Mirror-smooth lustrous polished surface","Unearthed in 1917 on the banks of the Ganges River at Didarganj near Patna by villagers who saw it protruding from the muddy riverbank. Celebrated internationally as the crowning masterpiece of ancient Indian figural sculpture. Her sensuous posture, anatomically precise proportions, and glass-like mirror polish demonstrate the miraculous lapidary techniques of Mauryan stone sculptors.","Displayed prominently in the Masterpiece Gallery of the world-class Bihar Museum, Bailey Road, Patna. Open 10:30 AM to 05:00 PM (Closed Mondays).","Patna Museum (2 km), Golghar (4 km), Kumhrar Mauryan Excavation Site (8 km)","Bihar Museum (Department of Art and Culture, Govt of Bihar)",https://thumb.wikimedia.org/wikipedia/commons/thumb/f/f7/Didarganj-Yakshi-3bc-Patna.jpg/960px-Didarganj-Yakshi-3bc-Patna.jpg?utm_source=commons.wikimedia.org&utm_campaign=imageinfo&utm_content=thumbnail,7,https://thumb.wikimedia.org/wikipedia/commons/thumb/f/f7/Didarganj-Yakshi-3bc-Patna.jpg/960px-Didarganj-Yakshi-3bc-Patna.jpg?utm_source=commons.wikimedia.org&utm_campaign=imageinfo&utm_content=thumbnail | https://thumb.wikimedia.org/wikipedia/commons/thumb/0/0b/Didarganj_Yakshi_back.jpg/960px-Didarganj_Yakshi_back.jpg?utm_source=commons.wikimedia.org&utm_campaign=imageinfo&utm_content=thumbnail | https://thumb.wikimedia.org/wikipedia/commons/thumb/8/86/Didarganj_Yakshi_full_length_front.jpg/960px-Didarganj_Yakshi_full_length_front.jpg?utm_source=commons.wikimedia.org&utm_campaign=imageinfo&utm_content=thumbnail | https://thumb.wikimedia.org/wikipedia/commons/thumb/4/4f/Didarganj_Yakshi_in_the_Bihar_Museum.jpg/960px-Didarganj_Yakshi_in_the_Bihar_Museum.jpg?utm_source=commons.wikimedia.org&utm_campaign=imageinfo&utm_content=thumbnail | https://thumb.wikimedia.org/wikipedia/commons/thumb/b/ba/Didarganj_Yakshi_statue_in_the_Bihar_Museum.jpg/960px-Didarganj_Yakshi_statue_in_the_Bihar_Museum.jpg?utm_source=commons.wikimedia.org&utm_campaign=imageinfo&utm_content=thumbnail | https://thumb.wikimedia.org/wikipedia/commons/thumb/8/8d/Didarganj_Yakshi_with_male_admirers.jpg/960px-Didarganj_Yakshi_with_male_admirers.jpg?utm_source=commons.wikimedia.org&utm_campaign=imageinfo&utm_content=thumbnail | https://thumb.wikimedia.org/wikipedia/commons/thumb/4/4a/Didarganj_Yakshi_with_selfie_takers.jpg/960px-Didarganj_Yakshi_with_selfie_takers.jpg?utm_source=commons.wikimedia.org&utm_campaign=imageinfo&utm_content=thumbnail
IND-ART-04,Chola Bronze Nataraja (Cosmic Dancer),நடராசர் வெண்கலச் சிலை (Chola Nataraja),National Museum Masterpiece,Cire-Perdue Lost-Wax Divine Bronze Masterpiece,Delhi & Tamil Nadu (National Museum / Government Museum Chennai),"Central Delhi / Egmore, Chennai",28.6118,77.2193,National Museum Acc. No. 56.124,Global Masterpiece of Indian Art,Imperial Chola Dynasty (Queen Sembiyan Mahadevi era),10th – 11th Century CE,Classical Chola Lost-Wax Bronze Metallurgy (Silpa Shastra canon),"Panchaloha / Ashtadhatu (Five to Eight Metal Bronze Alloy: Copper, Tin, Zinc, Lead, traces of Gold/Silver)",Height: 96 cm; Width: 83 cm; Prabhamandala arch with 32 flame tongues,"Ananda Tandava (Dance of Cosmic Bliss) pose, Right hand holding Damaru (Creation drum), Left hand holding Agni (Destruction flame), Lower right hand in Abhaya Mudra (Fearlessness), Right foot crushing demon Apasmara (Ignorance), Circular Flaming Prabha halo","Regarded by philosopher Ananda Coomaraswamy and astrophysicist Carl Sagan as one of the most profound metaphors for modern quantum physics and cosmic cycles of matter. Cast as a single solid piece using the lost-wax technique. Demonstrates the five divine activities (Panchakritya): Shrishti (Creation), Sthiti (Preservation), Samhara (Destruction), Tirobhava (Illusion), and Anugraha (Grace).","Displayed in Bronze Gallery, National Museum New Delhi and Bronze Gallery at Egmore Government Museum, Chennai. Open Tuesday to Sunday.","Government Museum Chennai (Egmore), National Museum New Delhi","National Museum New Delhi & Dept of Museums, Govt of Tamil Nadu",https://thumb.wikimedia.org/wikipedia/commons/thumb/b/b5/Bronze_sculpt_NMND-6.JPG/960px-Bronze_sculpt_NMND-6.JPG?utm_source=commons.wikimedia.org&utm_campaign=imageinfo&utm_content=thumbnail,7,https://thumb.wikimedia.org/wikipedia/commons/thumb/b/b5/Bronze_sculpt_NMND-6.JPG/960px-Bronze_sculpt_NMND-6.JPG?utm_source=commons.wikimedia.org&utm_campaign=imageinfo&utm_content=thumbnail | https://thumb.wikimedia.org/wikipedia/commons/thumb/9/9d/Bronze_sculpt_NMND-7.JPG/960px-Bronze_sculpt_NMND-7.JPG?utm_source=commons.wikimedia.org&utm_campaign=imageinfo&utm_content=thumbnail | https://thumb.wikimedia.org/wikipedia/commons/thumb/6/66/Nataraja._Bronze_statue_from_12th_Century%2C_CE%2C_Tamil_Nadu.jpg/960px-Nataraja._Bronze_statue_from_12th_Century%2C_CE%2C_Tamil_Nadu.jpg?utm_source=commons.wikimedia.org&utm_campaign=imageinfo&utm_content=thumbnail | https://thumb.wikimedia.org/wikipedia/commons/thumb/a/ac/Behar_Herald_7-12-2022_%26_15-12-2022.pdf/page1-960px-Behar_Herald_7-12-2022_%26_15-12-2022.pdf.jpg?utm_source=commons.wikimedia.org&utm_campaign=imageinfo&utm_content=thumbnail | https://thumb.wikimedia.org/wikipedia/commons/thumb/b/bc/Meenakshi_Temple%2C_Shiva%2C_Nataraja%2C_Ananda_Tandava%2C_Madurai%2C_India.jpg/960px-Meenakshi_Temple%2C_Shiva%2C_Nataraja%2C_Ananda_Tandava%2C_Madurai%2C_India.jpg?utm_source=commons.wikimedia.org&utm_campaign=imageinfo&utm_content=thumbnail | https://thumb.wikimedia.org/wikipedia/commons/thumb/d/d8/Meenakshi_Temple%2C_Shiva%2C_Nataraja%2C_Ananda_Tandava%2C_Shaivite_sanctum_sanctorum%2C_Madurai%2C_India.jpg/960px-Meenakshi_Temple%2C_Shiva%2C_Nataraja%2C_Ananda_Tandava%2C_Shaivite_sanctum_sanctorum%2C_Madurai%2C_India.jpg?utm_source=commons.wikimedia.org&utm_campaign=imageinfo&utm_content=thumbnail | https://thumb.wikimedia.org/wikipedia/commons/thumb/8/88/Napier_Museum_Natarajamurthy_18th_Century_South_India.jpg/960px-Napier_Museum_Natarajamurthy_18th_Century_South_India.jpg?utm_source=commons.wikimedia.org&utm_campaign=imageinfo&utm_content=thumbnail
IND-ART-05,Mughal Imperial Chahar-Aina Armoured Cuirass,चार-आईना (Chahar-Aina / Four Mirrors Armor),Museum Armory & Edged Weapons,Composite Steel Plate Body Armor,Delhi (National Museum Arms Gallery),"Central Delhi, Janpath",28.6118,77.2193,Arms & Armor Collection Acc. No. 60.1179,Rare Combat Armour Collection,Mughal Empire (Emperor Akbar & Jahangir era),Late 16th – 17th Century CE,Indo-Persian Plate & Mail Metallurgy,"Crucible Damascus Steel (Wootz), 24k Gold Koftgari Calligraphic Inlay, Velvet quilted padding","Four curved plates (Front, Back, 2 Side Flanks); Height: 38 cm; Total Weight: approx. 6.2 kg","Four Interlocking Mirror Steel Plates, Gold Damascened Quranic Verses of Victory (Surah Al-Fath), Brass-riveted Hinges and Silk Straps, High-Carbon Watered Crucible Silk Wave Pattern","Named 'Chahar-Aina' (literally 'Four Mirrors') because its four polished steel plates reflected light like mirrors, conceptually deflecting the evil eye and enemy arrows. Worn over a coat of fine riveted chainmail (Zirah). Capable of withstanding direct sword slashes and early lead matchlock musket balls at distance.","Displayed in the dedicated Arms and Armour Gallery, Ground Floor, National Museum, Janpath, New Delhi.","India Gate, Rashtrapati Bhavan, National Archives of India","National Museum, New Delhi (Arms & Armour Division)",https://upload.wikimedia.org/wikipedia/commons/1/1d/Antique_Indian_char-aina_%28chahar-aina%29%2C_kulah_khud_and_madu.jpg?utm_source=commons.wikimedia.org&utm_campaign=imageinfo&utm_content=thumbnail_unscaled,3,https://upload.wikimedia.org/wikipedia/commons/1/1d/Antique_Indian_char-aina_%28chahar-aina%29%2C_kulah_khud_and_madu.jpg?utm_source=commons.wikimedia.org&utm_campaign=imageinfo&utm_content=thumbnail_unscaled | https://thumb.wikimedia.org/wikipedia/commons/thumb/4/43/Cuirass_%28Char-aina%29_MET_DP151793.jpg/960px-Cuirass_%28Char-aina%29_MET_DP151793.jpg?utm_source=commons.wikimedia.org&utm_campaign=imageinfo&utm_content=thumbnail | https://thumb.wikimedia.org/wikipedia/commons/thumb/9/9f/Cuirass_%28Char-aina%29_MET_DP151794.jpg/960px-Cuirass_%28Char-aina%29_MET_DP151794.jpg?utm_source=commons.wikimedia.org&utm_campaign=imageinfo&utm_content=thumbnail
IND-ART-06,Tipu Sultan's Wootz Steel 'Tiger of Mysore' Bedchamber Sword,टीपू सुल्तान की शमशीर (Tipu Sultan's Sword),Museum Armory & Edged Weapons,Royal Crucible Steel Combat Talwar / Shamshir,Delhi (National Museum / ASI Red Fort Museum),"Central Delhi, Old Delhi & Janpath",28.6118,77.2193,National Museum / ASI Memorial Acc. No. 58.42/1,National Historic Treasure,"Kingdom of Mysore (Tipu Sultan, the Tiger of Mysore)",1782 – 1799 CE (Late 18th Century),Deccani Wootz Steel Metallurgical Craftsmanship,"Indian Wootz Crucible High-Carbon Steel (Ukkul), Gold Calligraphy Inlay, Tiger-stripe Damascening",Blade Length: 84 cm (33 in); Weight: 1.15 kg; Curved single-edged razor profile,"Curved Wootz Steel Blade with Carbon-Nanotube Microcrystalline Banding, Solid Gold Tiger-Head Pommel, Quillon terminals shaped like snarling tigers, Calligraphic Gold Inscription invoking 'Shamshir-e-Ali' (Sword of Ali)","Recovered from Tipu Sultan's personal bedchamber in the fortress of Srirangapatna following the Fourth Anglo-Mysore War on May 4, 1799. Made from pure South Indian Wootz steel, which was smelted in sealed clay crucibles in Kodumanal and Golconda, containing microscopic iron carbide nanotubes that gave the blade legendary sharpness capable of slicing cleanly through European iron helmets.","Arms and Armour Gallery, National Museum New Delhi and ASI Mumtaz Mahal Museum, Red Fort.","Red Fort, Daryaganj, National Museum",National Museum New Delhi & Archaeological Survey of India,https://thumb.wikimedia.org/wikipedia/commons/thumb/6/6a/Haidar_Ali_and_Tipu_Sultan_and_the_struggle_with_the_Musalman_powers_of_the_South_%28IA_haidaralitipusul00bowriala%29.pdf/page1-500px-Haidar_Ali_and_Tipu_Sultan_and_the_struggle_with_the_Musalman_powers_of_the_South_%28IA_haidaralitipusul00bowriala%29.pdf.jpg?utm_source=commons.wikimedia.org&utm_campaign=imageinfo&utm_content=thumbnail,3,https://thumb.wikimedia.org/wikipedia/commons/thumb/6/6a/Haidar_Ali_and_Tipu_Sultan_and_the_struggle_with_the_Musalman_powers_of_the_South_%28IA_haidaralitipusul00bowriala%29.pdf/page1-500px-Haidar_Ali_and_Tipu_Sultan_and_the_struggle_with_the_Musalman_powers_of_the_South_%28IA_haidaralitipusul00bowriala%29.pdf.jpg?utm_source=commons.wikimedia.org&utm_campaign=imageinfo&utm_content=thumbnail | https://upload.wikimedia.org/wikipedia/commons/d/d9/Inscribed_Sword_of_Tipu_Sultan.jpg?utm_source=commons.wikimedia.org&utm_campaign=imageinfo&utm_content=thumbnail_unscaled | https://thumb.wikimedia.org/wikipedia/commons/thumb/0/0b/PXL_20231218_152223456_Victoria_and_Albert_Museum_Artefacts_06_historical_weapons_and_artifacts%2C_prominently_featuring_a_sword_believed_to_have_belonged_to_Tipu_Sultan%2C_the_18th-century_ruler_of_Mysore.jpg/960px-thumbnail.jpg?utm_source=commons.wikimedia.org&utm_campaign=imageinfo&utm_content=thumbnail
IND-ART-07,Maratha Wagh Nakh (Tiger Claws Concealed Weapon),वाघनख (Chhatrapati Shivaji's Wagh Nakh),Museum Armory & Edged Weapons,Concealed Hand-to-Hand Combat Weapon,Maharashtra (CSMVS Mumbai / Central Museum Satara),Mumbai / Satara District,18.9269,72.8327,CSMVS Historic Weapons Register No. WN-1659,State Icon of Maratha Chivalry,Maratha Empire (Chhatrapati Shivaji Maharaj),1659 CE (17th Century),Indigenous Maratha Close-Quarter Weapon Design,"Forged High-Carbon Iron & Steel, Dual Ring finger retainers",Width across crossbar: 9 cm; 4 Razor-sharp curved iron talons (Length: 5.5 cm each),"Four Sharp Curved Steel Claws, Two Outer Finger Rings for thumb and pinky concealment in palm, Crossbar plate hidden inside clenched fist, Bichuwa (Scorpion) dagger slot","Famously used by Chhatrapati Shivaji Maharaj during the historic encounter at the foothills of Pratapgad Fort on November 10, 1659. When the towering Bijapur general Afzal Khan attempted to crush Shivaji in an embrace, Shivaji slashed Khan with the concealed Wagh Nakh hidden within his left palm and finished him with a Bichuwa dagger, turning the tide of Maratha history.","Displayed at Chhatrapati Shivaji Maharaj Vastu Sangrahalaya (CSMVS), Fort, Mumbai and Satara Chhatrapati Shivaji Museum on loan from the Victoria and Albert Museum London.","Gateway of India (300m), Colaba, Jehangir Art Gallery (opposite)","Department of Archaeology & Cultural Affairs, Government of Maharashtra",https://thumb.wikimedia.org/wikipedia/commons/thumb/a/a5/Bagh_nakh_%28tiger_claw%29%2C_western_India%2C_1700s-1800s_-_Higgins_Armory_Museum_-_DSC05600.JPG/960px-Bagh_nakh_%28tiger_claw%29%2C_western_India%2C_1700s-1800s_-_Higgins_Armory_Museum_-_DSC05600.JPG?utm_source=commons.wikimedia.org&utm_campaign=imageinfo&utm_content=thumbnail,5,https://thumb.wikimedia.org/wikipedia/commons/thumb/a/a5/Bagh_nakh_%28tiger_claw%29%2C_western_India%2C_1700s-1800s_-_Higgins_Armory_Museum_-_DSC05600.JPG/960px-Bagh_nakh_%28tiger_claw%29%2C_western_India%2C_1700s-1800s_-_Higgins_Armory_Museum_-_DSC05600.JPG?utm_source=commons.wikimedia.org&utm_campaign=imageinfo&utm_content=thumbnail | https://thumb.wikimedia.org/wikipedia/commons/thumb/1/19/Bagh_nakh_%28tiger_claw%29.jpg/960px-Bagh_nakh_%28tiger_claw%29.jpg?utm_source=commons.wikimedia.org&utm_campaign=imageinfo&utm_content=thumbnail | https://thumb.wikimedia.org/wikipedia/commons/thumb/7/75/Handbook_to_the_ethnographical_collections_%281910%29_%2814780936434%29.jpg/960px-Handbook_to_the_ethnographical_collections_%281910%29_%2814780936434%29.jpg?utm_source=commons.wikimedia.org&utm_campaign=imageinfo&utm_content=thumbnail | https://thumb.wikimedia.org/wikipedia/commons/thumb/0/0c/Indian_bagh_nakh.jpg/960px-Indian_bagh_nakh.jpg?utm_source=commons.wikimedia.org&utm_campaign=imageinfo&utm_content=thumbnail | https://thumb.wikimedia.org/wikipedia/commons/thumb/f/fb/Tiger_claws_.jpg/960px-Tiger_claws_.jpg?utm_source=commons.wikimedia.org&utm_campaign=imageinfo&utm_content=thumbnail
IND-ART-08,Noor Jahan's White Nephrite Jade Hilt Dagger,नूरजहाँ की खंजर (Noor Jahan's Jade Dagger),National Museum Masterpiece,Mughal Imperial Royal Dagger (Khanjar),"Telangana (Salar Jung Museum, Hyderabad)","Hyderabad District, Dar-ul-Shifa",17.3713,78.4804,SJM Accession No. 42-XXX/Arms,National Masterpiece Collection,Mughal Empire (Empress Noor Jahan & Emperor Jahangir),c. 1615 – 1625 CE (17th Century),Imperial Mughal Hardstone Lapidary & Wootz Metallurgy,"Pure White Nephrite (Kashgar Jade), Indian Wootz Watered Steel Blade, Inlaid Rubies and Emeralds in 24k Pure Gold (Kundan setting)",Total Length: 32.5 cm; Blade Length: 20.5 cm; Curved double-edged profile with reinforced armor-piercing tip,"Translucent White Jade Pistol-Grip Hilt carved with acanthus leaves, Gold-inlaid Floral Tendrils with inset Rubies, Double-edged curved watered steel blade with central fuller groove, Velvet-covered wooden sheath with pierced gold chape","Belonged to Empress Noor Jahan, the powerful co-ruler of the Mughal Empire under Emperor Jahangir. Carved from a single flawless block of Khotan nephrite jade imported via the Silk Route. Indian hardstone carvers were renowned for drilling, abrading, and polishing jade using corundum slurry, inlaying precious gemstones into cold jade using pure pliable 24k gold leaf ribbons.","Displayed in the Jade Room (Room No. 16), Western Wing, Salar Jung Museum, Hyderabad. Open 10:00 AM to 05:00 PM (Closed Fridays).","Charminar (1.5 km), Chowmahalla Palace (2 km), High Court of Telangana (500m)","Salar Jung Museum Board (Ministry of Culture, Government of India)",https://upload.wikimedia.org/wikipedia/commons/c/c6/Dagger_2_of_Aurangzeb_from_17th_Century.jpg?utm_source=commons.wikimedia.org&utm_campaign=imageinfo&utm_content=thumbnail_unscaled,3,https://upload.wikimedia.org/wikipedia/commons/c/c6/Dagger_2_of_Aurangzeb_from_17th_Century.jpg?utm_source=commons.wikimedia.org&utm_campaign=imageinfo&utm_content=thumbnail_unscaled | https://upload.wikimedia.org/wikipedia/commons/1/19/Dagger_of_Mughal_Emperor_Aurangzeb_with_jade_hilt_-_17th_Century.jpg?utm_source=commons.wikimedia.org&utm_campaign=imageinfo&utm_content=thumbnail_unscaled | https://thumb.wikimedia.org/wikipedia/commons/thumb/3/36/HORSE_HANDLE_DAGGER_-_MUGHAL_17TH_CENTURY.JPG/960px-HORSE_HANDLE_DAGGER_-_MUGHAL_17TH_CENTURY.JPG?utm_source=commons.wikimedia.org&utm_campaign=imageinfo&utm_content=thumbnail
IND-ART-09,Mughal Elephant Combat Armor (Gaj Charma),गज चर्म (Mughal Elephant Armor),Museum Armory & Edged Weapons,Complete Heavy War-Elephant Armor Suit,Delhi & Rajasthan (National Museum / Mehrangarh Museum),Central Delhi / Jodhpur,28.6118,77.2193,National Museum Acc. No. 62.450,World's Largest Historic Animal Armor,Mughal Empire / Rajput Kingdoms,16th – 17th Century CE,Heavy Combat Plate-and-Mail Equine/Pachyderm Armor,"5,840 Steel and Brass Interlocking Plates connected by 8,000 Mail Rings, Lined with thick felt and padded quilted canvas","Complete suit weight: approx. 118 kg (260 lbs); Covers entire forehead, trunk, ears, flanks, and hindquarters of a full-grown battle elephant","Articulated Steel Forehead Shaffron with brass rosette medallions, Throat Defense (Throat guard), Flank Curtains (Side bards) with riveted steel lames, Armored Ear flaps, Steel Trunk guards","War elephants functioned as the heavy armored battle tanks of the medieval Indian battlefield. The full suit protected the beast from enemy musket balls, crossbow bolts, and pike charges. Elephants wearing this armor also held 3-foot curved steel swords attached to their tusks to smash enemy infantry formations.","Displayed on life-size fiber elephant models in the Central Rotunda of the Arms & Armour Gallery, National Museum, New Delhi, and Mehrangarh Fort Armory, Jodhpur.","National Museum New Delhi, Mehrangarh Fort Jodhpur",National Museum New Delhi & Mehrangarh Museum Trust,https://thumb.wikimedia.org/wikipedia/commons/thumb/d/d6/A_brief_history_of_medi%C3%A6val_and_modern_peoples_%28IA_briefhistoryofme00stee%29.pdf/page1-500px-A_brief_history_of_medi%C3%A6val_and_modern_peoples_%28IA_briefhistoryofme00stee%29.pdf.jpg?utm_source=commons.wikimedia.org&utm_campaign=imageinfo&utm_content=thumbnail,3,https://thumb.wikimedia.org/wikipedia/commons/thumb/d/d6/A_brief_history_of_medi%C3%A6val_and_modern_peoples_%28IA_briefhistoryofme00stee%29.pdf/page1-500px-A_brief_history_of_medi%C3%A6val_and_modern_peoples_%28IA_briefhistoryofme00stee%29.pdf.jpg?utm_source=commons.wikimedia.org&utm_campaign=imageinfo&utm_content=thumbnail | https://thumb.wikimedia.org/wikipedia/commons/thumb/b/b5/A_woman%27s_journey_round_the_world-_from_Vienna_to_Brazil%2C_Chili%2C_Tahiti%2C_China%2C_Hindostan%2C_Persia%2C_and_Asia_Minor_%28IA_womansjourneyrou00pfeirich%29.pdf/page1-500px-A_woman%27s_journey_round_the_world-_from_Vienna_to_Brazil%2C_Chili%2C_Tahiti%2C_China%2C_Hindostan%2C_Persia%2C_and_Asia_Minor_%28IA_womansjourneyrou00pfeirich%29.pdf.jpg?utm_source=commons.wikimedia.org&utm_campaign=imageinfo&utm_content=thumbnail | https://thumb.wikimedia.org/wikipedia/commons/thumb/3/35/Armor_and_weapons_in_the_National_Museum%2C_New_Delhi_-_IMG_2251.JPG/960px-Armor_and_weapons_in_the_National_Museum%2C_New_Delhi_-_IMG_2251.JPG?utm_source=commons.wikimedia.org&utm_campaign=imageinfo&utm_content=thumbnail
IND-ART-10,Veiled Rebecca Marble Sculpture,घूंघट में रेबेका (Veiled Rebecca),National Museum Masterpiece,Italian Neoclassical Translucent Marble Masterpiece,"Telangana (Salar Jung Museum, Hyderabad)","Hyderabad District, Dar-ul-Shifa",17.3713,78.4804,SJM European Statuary Reg. No. 1876-BZ,"Acquired by Salar Jung I in Rome, 1876",Sculpted by Italian Master Giovanni Battista Benzoni,1876 CE (19th Century),Neoclassical Marble Illusionist Carving,Single monolithic block of Pure White Italian Carrara Marble,Height: 167 cm; Life-size standing maiden on round marble pedestal,"Translucent Stone Veil (Appears completely transparent revealing underlying facial features, hair, and gaze), Intricate Embroidered Veil Border, Realistic fabric folds draped across shoulders, Elegant poise with water jar at base","Considered an unmatched optical illusion carved into solid stone. Italian sculptor G.B. Benzoni carved the veil so thin and delicate that the stone appears transparent, revealing the facial contours beneath. Acquired in Rome in 1876 by Mir Turab Ali Khan (Salar Jung I), Prime Minister of the Nizam of Hyderabad. One of only four known originals by Benzoni in the entire world.","Displayed in the Founders Gallery / European Marble Room, Salar Jung Museum, Hyderabad. Museum open 10:00 AM to 05:00 PM (Closed Fridays).","Charminar (1.5 km), Salar Jung Clock Tower, Chowmahalla Palace","Salar Jung Museum Board (Ministry of Culture, Government of India)",https://thumb.wikimedia.org/wikipedia/commons/thumb/7/76/Melody_In_Marble%2C_Veiled_Rebecca_at_Salar_jung_Museum%2C_Hyderabad%2C_India.jpg/960px-Melody_In_Marble%2C_Veiled_Rebecca_at_Salar_jung_Museum%2C_Hyderabad%2C_India.jpg?utm_source=commons.wikimedia.org&utm_campaign=imageinfo&utm_content=thumbnail,7,https://thumb.wikimedia.org/wikipedia/commons/thumb/7/76/Melody_In_Marble%2C_Veiled_Rebecca_at_Salar_jung_Museum%2C_Hyderabad%2C_India.jpg/960px-Melody_In_Marble%2C_Veiled_Rebecca_at_Salar_jung_Museum%2C_Hyderabad%2C_India.jpg?utm_source=commons.wikimedia.org&utm_campaign=imageinfo&utm_content=thumbnail | https://thumb.wikimedia.org/wikipedia/commons/thumb/7/70/Salar_Jung_Museum_-_Veiled_Rebecca.jpg/960px-Salar_Jung_Museum_-_Veiled_Rebecca.jpg?utm_source=commons.wikimedia.org&utm_campaign=imageinfo&utm_content=thumbnail | https://thumb.wikimedia.org/wikipedia/commons/thumb/b/b2/Salar_Jung_Museum_Veiled_Rebecca.jpg/960px-Salar_Jung_Museum_Veiled_Rebecca.jpg?utm_source=commons.wikimedia.org&utm_campaign=imageinfo&utm_content=thumbnail | https://thumb.wikimedia.org/wikipedia/commons/thumb/d/d2/Gems_of_poetry%2C_with_notes_and_illustrations_%28IA_gemsofpoetrywith00lamo%29.pdf/page1-500px-Gems_of_poetry%2C_with_notes_and_illustrations_%28IA_gemsofpoetrywith00lamo%29.pdf.jpg?utm_source=commons.wikimedia.org&utm_campaign=imageinfo&utm_content=thumbnail | https://thumb.wikimedia.org/wikipedia/commons/thumb/f/f7/How_to_see_the_New_York_Crystal_Palace-_being_a_Concise_Guide_to_the_Principal_Objects_in_the_Exhibition_as_remodelled%2C_1854.-_Part_First.-General_View.-_Sculpture.-_Paintings_%28IA_bub_gb_XRNBAAAAYAAJ%29.pdf/page1-500px-thumbnail.pdf.jpg?utm_source=commons.wikimedia.org&utm_campaign=imageinfo&utm_content=thumbnail | https://thumb.wikimedia.org/wikipedia/commons/thumb/9/92/Karl_Bitter%3B_a_biography_%28IA_karlbitterbiogr00sche%29.pdf/page1-500px-Karl_Bitter%3B_a_biography_%28IA_karlbitterbiogr00sche%29.pdf.jpg?utm_source=commons.wikimedia.org&utm_campaign=imageinfo&utm_content=thumbnail | https://thumb.wikimedia.org/wikipedia/commons/thumb/9/94/Karl_Bitter%3B_a_biography_%28IA_karlbitterbiogra00sche%29.pdf/page1-960px-Karl_Bitter%3B_a_biography_%28IA_karlbitterbiogra00sche%29.pdf.jpg?utm_source=commons.wikimedia.org&utm_campaign=imageinfo&utm_content=thumbnail
IND-ART-11,Ancient Indian Punch-Marked Silver Karshapana & Gupta Gold Dinars,आहत सिक्के एवं गुप्त कालीन स्वर्ण दीनार (Ancient Indian Coins),Epigraph & Numismatic Heritage,Monetary Currency & Dynastic Gold Coins,West Bengal & Delhi (Indian Museum Kolkata / National Museum),Kolkata / Central Delhi,22.5579,88.3511,Indian Museum Coin Cabinet Vault No. 1,National Numismatic Masterpiece Collection,"Mauryan Empire, Kushan Empire, and Gupta Dynasty (Samudragupta & Chandragupta II)",6th Century BCE – 5th Century CE,Classical Ancient Indian Die-Struck and Punch-Marked Coinage,High-purity Silver (Karshapana) and High-purity 24-Karat Gold (Dinar),"Diameter: 18mm to 24mm; Weight: Silver (3.4g, 32 rattis), Gold Dinar (7.8g to 8.2g)","Five Symbol Punches on Silver (Sun, Six-arm wheel, Hill with Crescent, Peacock on Arches, Bull), Samudragupta Playing the Lyre (Veena) Gold Coin, Chandragupta II Archer Type Gold Dinar with Brahmi Legend, Goddess Lakshmi seated on lotus reverse","India's punch-marked coins (Puranas/Karshapanas) are among the earliest coinages in world history, mentioned in Panini's Ashtadhyayi and Kautilya's Arthashastra. The Gupta gold dinars mark the zenith of Indian numismatic artistry, depicting Samudragupta as a musician king playing the veena on one side and the goddess of fortune Lakshmi on the reverse, accompanied by intricate Sanskrit metrical legends in Gupta Brahmi script.","Coin Gallery, Indian Museum, Park Street, Kolkata and National Museum Coin Gallery, New Delhi.","Indian Museum Kolkata, Victoria Memorial, St. Paul's Cathedral",Indian Museum Kolkata & Numismatic Society of India,https://thumb.wikimedia.org/wikipedia/commons/thumb/b/b3/Coin_of_Samudragupta%2C_Battle_axe_type%2C_Kannauj.jpg/960px-Coin_of_Samudragupta%2C_Battle_axe_type%2C_Kannauj.jpg?utm_source=commons.wikimedia.org&utm_campaign=imageinfo&utm_content=thumbnail,3,https://thumb.wikimedia.org/wikipedia/commons/thumb/b/b3/Coin_of_Samudragupta%2C_Battle_axe_type%2C_Kannauj.jpg/960px-Coin_of_Samudragupta%2C_Battle_axe_type%2C_Kannauj.jpg?utm_source=commons.wikimedia.org&utm_campaign=imageinfo&utm_content=thumbnail | https://thumb.wikimedia.org/wikipedia/commons/thumb/4/42/Gupta_Empire%2C_Samudragupta%2C_335-380_AD%2C_Gold_Dinar%2C_7.9g%2C_Javelin_Type.jpg/960px-Gupta_Empire%2C_Samudragupta%2C_335-380_AD%2C_Gold_Dinar%2C_7.9g%2C_Javelin_Type.jpg?utm_source=commons.wikimedia.org&utm_campaign=imageinfo&utm_content=thumbnail | https://upload.wikimedia.org/wikipedia/commons/4/41/Gupta_era_gold_Coin_showing_the_Marriage_of_Chandragupta%2C_National_Museum%2C_New_Delhi.jpg?utm_source=commons.wikimedia.org&utm_campaign=imageinfo&utm_content=thumbnail_unscaled
IND-ART-12,Katar (Indian Double-Edged Push Dagger),कटार (Katar / Push Dagger),Museum Armory & Edged Weapons,Thrusting Armor-Piercing Push Dagger,Rajasthan & Delhi (City Palace Jaipur / National Museum),Jaipur / Central Delhi,26.9258,75.8236,Royal Silehkhana Armory Inv. No. K-402,Iconic Indian Martial Weapon,"Rajput, Mughal, and Vijayanagara Armies",14th – 18th Century CE,Wootz Steel Push-Thrust Armor Penetrator,"Crucible Wootz Steel Blade, Thickened diamond-cross section armour-piercing point, Gold Koftgari on side bars",Length: 42 cm; Blade: 26 cm triangular straight double-edged blade; Side bars: 2 parallel steel side guards connected by dual crossbars,"Horizontal H-shaped Grip Bars gripped in clenched fist, Parallel Steel Arm Guards protecting wrist and forearm, Thickened Reinforced Chisel Point designed to split chainmail links, Deep Central Fullers (Blood gutters), Gold floral overlay","Unique to the Indian subcontinent. Held like a brass knuckle with fingers around the dual horizontal bars, allowing the warrior to channel their entire body weight directly into a linear punch. The thickened diamond-cross section tip was specifically engineered to pierce riveted chainmail and quilted iron coats. Highly favored by Rajput warriors for ceremonial tiger-hunting on foot.","Displayed in the Silehkhana (Armory), City Palace Jaipur and Arms Gallery, National Museum, New Delhi.","City Palace Jaipur, Hawa Mahal, Jantar Mantar",Maharaja Sawai Man Singh II Museum Trust & National Museum New Delhi,https://thumb.wikimedia.org/wikipedia/commons/thumb/b/be/Detail_of_a_photograph_of_the_weapons_of_Guru_Gobind_Singh_kept_at_Takht_Kesgarh_Sahib_being_displayed%2C_ca.1925.jpg/960px-Detail_of_a_photograph_of_the_weapons_of_Guru_Gobind_Singh_kept_at_Takht_Kesgarh_Sahib_being_displayed%2C_ca.1925.jpg?utm_source=commons.wikimedia.org&utm_campaign=imageinfo&utm_content=thumbnail,3,https://thumb.wikimedia.org/wikipedia/commons/thumb/b/be/Detail_of_a_photograph_of_the_weapons_of_Guru_Gobind_Singh_kept_at_Takht_Kesgarh_Sahib_being_displayed%2C_ca.1925.jpg/960px-Detail_of_a_photograph_of_the_weapons_of_Guru_Gobind_Singh_kept_at_Takht_Kesgarh_Sahib_being_displayed%2C_ca.1925.jpg?utm_source=commons.wikimedia.org&utm_campaign=imageinfo&utm_content=thumbnail | https://thumb.wikimedia.org/wikipedia/commons/thumb/f/fe/Katar_%28child%27s%29_push_dagger%2C_northern_India%2C_1700s_-_Higgins_Armory_Museum_-_DSC05599.jpg/960px-Katar_%28child%27s%29_push_dagger%2C_northern_India%2C_1700s_-_Higgins_Armory_Museum_-_DSC05599.jpg?utm_source=commons.wikimedia.org&utm_campaign=imageinfo&utm_content=thumbnail | https://thumb.wikimedia.org/wikipedia/commons/thumb/d/de/Katar_push_dagger%2C_central_or_southern_India%2C_1700s_-_Higgins_Armory_Museum_-_DSC05593.jpg/960px-Katar_push_dagger%2C_central_or_southern_India%2C_1700s_-_Higgins_Armory_Museum_-_DSC05593.jpg?utm_source=commons.wikimedia.org&utm_campaign=imageinfo&utm_content=thumbnail
IND-GJ-04,Champaner-Pavagadh Archaeological Park,ચાંપાનેર-પાવાગઢ પુરાતત્વીય ઉદ્યાન (Champaner-Pavagadh),UNESCO World Heritage Site,Pre-Mughal Islamic Citadel & Sacred Volcanic Hill,Gujarat,"Panchmahal District, Champaner",22.4833,73.5333,W-GJ-4,1101 (Inscribed 2004),Chavda / Khichi Chauhan Rajputs & Gujarat Sultanate (Mahmud Begada),8th – 16th Century CE,Indo-Saracenic Gujarat Sultanate Architecture (Syncretic Hindu-Muslim),"Local Golden-Yellow Sandstone, Porphyritic basalt rock, Interlocking stone masonry","Park Area: 1,329 hectares with buffer zone of 2,912 hectares; Pavagadh peak: 800m high","Jama Masjid of Champaner (172 carved pillars and 30m minarets), Kalika Mata Temple at Pavagadh peak, Helical Stepwell (Spiral stone stairs), Sahar ki Masjid, Citadel Fortification Gates (Atak Gate, Godhra Gate), Ek Minar ki Masjid","The only complete and unchanged pre-Mughal Islamic capital city in India. Sultan Mahmud Begada besieged the Khichi Chauhan Rajput hilltop fortress of Pavagadh for 20 months before capturing it in 1484, founding his grand royal capital Champaner at its base. The Jama Masjid features central dome lanterns that illuminate the prayer hall with daylight while maintaining cool air flow. The Kalika Mata Temple atop Pavagadh peak is a revered ancient Shakti Peetha with a modern ropeway.","Open 08:30 AM to 05:00 PM daily. Pavagadh peak accessible via modern cable car ropeway (5 minutes) or 2,000 steps. Distance from Vadodara: 45 km (1 hour drive).","Vadodara Laxmi Vilas Palace (45 km), Jambughoda Wildlife Sanctuary (25 km), Ratanmahal Sloth Bear Sanctuary (65 km)",Archaeological Survey of India (Vadodara Circle) & UNESCO WHC Dossier No. 1101,https://thumb.wikimedia.org/wikipedia/commons/thumb/8/86/Champaner%2C_Jama_Masjid_%289840299734%29.jpg/960px-Champaner%2C_Jama_Masjid_%289840299734%29.jpg?utm_source=commons.wikimedia.org&utm_campaign=imageinfo&utm_content=thumbnail,7,https://thumb.wikimedia.org/wikipedia/commons/thumb/8/86/Champaner%2C_Jama_Masjid_%289840299734%29.jpg/960px-Champaner%2C_Jama_Masjid_%289840299734%29.jpg?utm_source=commons.wikimedia.org&utm_campaign=imageinfo&utm_content=thumbnail | https://thumb.wikimedia.org/wikipedia/commons/thumb/6/69/Jama_Masjid%2C_Champaner%2C_Panchmahals%2C_Gujarat.jpg/960px-Jama_Masjid%2C_Champaner%2C_Panchmahals%2C_Gujarat.jpg?utm_source=commons.wikimedia.org&utm_campaign=imageinfo&utm_content=thumbnail | https://thumb.wikimedia.org/wikipedia/commons/thumb/7/78/Jama_Masjid_entrance%2C_Champaner%2C_Gujarat.jpg/960px-Jama_Masjid_entrance%2C_Champaner%2C_Gujarat.jpg?utm_source=commons.wikimedia.org&utm_campaign=imageinfo&utm_content=thumbnail | https://thumb.wikimedia.org/wikipedia/commons/thumb/7/78/2_Carvings_at_Champaner-Pavagadh_Archaeological_Park.jpg/960px-2_Carvings_at_Champaner-Pavagadh_Archaeological_Park.jpg?utm_source=commons.wikimedia.org&utm_campaign=imageinfo&utm_content=thumbnail | https://thumb.wikimedia.org/wikipedia/commons/thumb/1/16/3_Carvings_at_Champaner-Pavagadh_Archaeological_Park.jpg/960px-3_Carvings_at_Champaner-Pavagadh_Archaeological_Park.jpg?utm_source=commons.wikimedia.org&utm_campaign=imageinfo&utm_content=thumbnail | https://thumb.wikimedia.org/wikipedia/commons/thumb/e/e1/4_Carvings_at_Champaner-Pavagadh_Archaeological_Park.jpg/960px-4_Carvings_at_Champaner-Pavagadh_Archaeological_Park.jpg?utm_source=commons.wikimedia.org&utm_campaign=imageinfo&utm_content=thumbnail | https://thumb.wikimedia.org/wikipedia/commons/thumb/c/c9/6_Carvings_at_Champaner-Pavagadh_Archaeological_Park.jpg/960px-6_Carvings_at_Champaner-Pavagadh_Archaeological_Park.jpg?utm_source=commons.wikimedia.org&utm_campaign=imageinfo&utm_content=thumbnail
IND-GJ-05,Sidi Saiyyed Mosque (The Tree of Life Jali),સીદી સૈયદની જાળી (Sidi Saiyyed Ni Jali),Centrally Protected Monument (ASI),Sultanate Mosque & World-Renowned Filigree Jali,Gujarat,"Ahmedabad District, Old City Ahmedabad",23.0284,72.5815,W-GJ-5,Component of Historic City of Ahmadabad UNESCO Site 1551,Gujarat Sultanate (Sidi Saiyyed / Sultan Muzaffar Shah III),1572 – 1573 CE (Late 16th Century),Gujarat Sultanate Architectural Filigree,Yellow Dhrangadhra Sandstone chiselled into ultra-fine openwork tracery,Twin Ten-foot Semi-Circular Pierced Stone Lattice Windows (Jalis),"Tree of Life Stone Lattice Jali (Intertwining branches of kalpavriksha and palm fronds), Geometric Diamond Pattern Jali screens, Arched mihrab portals, Slender minaret bases, Ten semicircular lattice windows","Constructed by Sidi Saiyyed, an Abyssinian/Habshi general in the royal army of the Gujarat Sultanate, in the final year before Gujarat was annexed by Mughal Emperor Akbar in 1573. The western wall contains twin semi-circular stone jalis depicting intertwined banyan tree branches and palm foliage so delicately perforated they look like woven lace rather than solid sandstone. Chosen as the official emblem and insignia of the Indian Institute of Management Ahmedabad (IIMA).",Open 07:00 AM to 07:00 PM daily. Located near Gheekanta / Lal Darwaza in central Ahmedabad. Best photography inside the courtyard during afternoon sunlight when light filters through the tree lattice.,"Bhadra Fort (500m), Teen Darwaza (700m), Sabarmati Riverfront (800m), Sabarmati Ashram (4.5 km)",Archaeological Survey of India (Vadodara Circle),https://thumb.wikimedia.org/wikipedia/commons/thumb/f/f9/Carved_Mesh_of_Sidi_Saiyyed_Mosque_Ahmedabad_Gujarat_DSC001.jpg/960px-Carved_Mesh_of_Sidi_Saiyyed_Mosque_Ahmedabad_Gujarat_DSC001.jpg?utm_source=commons.wikimedia.org&utm_campaign=imageinfo&utm_content=thumbnail,5,https://thumb.wikimedia.org/wikipedia/commons/thumb/f/f9/Carved_Mesh_of_Sidi_Saiyyed_Mosque_Ahmedabad_Gujarat_DSC001.jpg/960px-Carved_Mesh_of_Sidi_Saiyyed_Mosque_Ahmedabad_Gujarat_DSC001.jpg?utm_source=commons.wikimedia.org&utm_campaign=imageinfo&utm_content=thumbnail | https://thumb.wikimedia.org/wikipedia/commons/thumb/8/8e/Sidi_Saiyyed_Mosque_-_Marble_Screen.jpg/960px-Sidi_Saiyyed_Mosque_-_Marble_Screen.jpg?utm_source=commons.wikimedia.org&utm_campaign=imageinfo&utm_content=thumbnail | https://thumb.wikimedia.org/wikipedia/commons/thumb/e/e4/Sidi_Saiyyed_Mosque_Ahmedabad.jpg/960px-Sidi_Saiyyed_Mosque_Ahmedabad.jpg?utm_source=commons.wikimedia.org&utm_campaign=imageinfo&utm_content=thumbnail | https://thumb.wikimedia.org/wikipedia/commons/thumb/5/5f/Close-up_of_the_%22Tree_of_Life%22.jpg/960px-Close-up_of_the_%22Tree_of_Life%22.jpg?utm_source=commons.wikimedia.org&utm_campaign=imageinfo&utm_content=thumbnail | https://thumb.wikimedia.org/wikipedia/commons/thumb/9/96/Sidi_Saiyyed_Mosque_Ahmedabad_Gujarat_-_Jali_Work.jpg/960px-Sidi_Saiyyed_Mosque_Ahmedabad_Gujarat_-_Jali_Work.jpg?utm_source=commons.wikimedia.org&utm_campaign=imageinfo&utm_content=thumbnail
IND-GJ-06,Adalaj Stepwell (Rudabai Stepwell),અડાલજની વાવ (Adalaj Ni Vav),Centrally Protected Monument (ASI),Five-Storey Subterranean Stepwell Hydraulic Shrine,Gujarat,"Gandhinagar District, Adalaj",23.1667,72.58,W-GJ-6,National Protected Monument of India,Vaghela Rajput Dynasty (Rani Rudabai) & Mahmud Begada,1498 CE (Late 15th Century),Solanki-Islamic Indo-Saracenic Subterranean Architecture,"Fine Sandstone, Dry-ashlar interlocking stone joints, Lime mortar",Length: 75 m; 5 Storeys subterranean depth; Octagonal central shaft opening to the sky,"Five Superimposed Subterranean Pillared Storeys, Octagonal Central Light Well, Carved Navagraha (Nine Planets) friezes, Kalpavriksha (Tree of Life) motifs, Ami Khumbor (Pot of Water of Life) carvings, Stepped corridor descent","Commissioned by Queen Rudabai, wife of Vaghela chieftain Rana Veer Singh of Dandai Desh. When Veer Singh was killed in battle by Sultan Mahmud Begada, Begada was captivated by Rudabai's beauty and proposed marriage. She agreed on the condition that he finish the sacred stepwell her husband had begun. Upon its completion in 1498, Rani Rudabai inspected the work, circumambulated the waters, and jumped into the well to join her husband in death rather than submit to the Sultan.",Open 08:00 AM to 06:00 PM daily. Temperature inside the bottom gallery is consistently 5 to 6 degrees Celsius cooler than ground level outside. Paved pathways down to level 1.,"Gandhinagar Akshardham Temple (15 km), GIFT City (12 km), Ahmedabad Airport (14 km)",Archaeological Survey of India (Vadodara Circle),https://thumb.wikimedia.org/wikipedia/commons/thumb/7/77/A_pigeon_at_Adalaj_stepwell%2C_Ahmedabad.jpg/960px-A_pigeon_at_Adalaj_stepwell%2C_Ahmedabad.jpg?utm_source=commons.wikimedia.org&utm_campaign=imageinfo&utm_content=thumbnail,7,https://thumb.wikimedia.org/wikipedia/commons/thumb/7/77/A_pigeon_at_Adalaj_stepwell%2C_Ahmedabad.jpg/960px-A_pigeon_at_Adalaj_stepwell%2C_Ahmedabad.jpg?utm_source=commons.wikimedia.org&utm_campaign=imageinfo&utm_content=thumbnail | https://thumb.wikimedia.org/wikipedia/commons/thumb/2/2d/Adalaj_Stepwell%2C_Ahmedabad%2C_Gujarat%2C_India.jpg/960px-Adalaj_Stepwell%2C_Ahmedabad%2C_Gujarat%2C_India.jpg?utm_source=commons.wikimedia.org&utm_campaign=imageinfo&utm_content=thumbnail | https://thumb.wikimedia.org/wikipedia/commons/thumb/f/f8/Adalaj_Stepwell-Adalaj_Ahmedabad-Gujarat-O0A0201.jpg/960px-Adalaj_Stepwell-Adalaj_Ahmedabad-Gujarat-O0A0201.jpg?utm_source=commons.wikimedia.org&utm_campaign=imageinfo&utm_content=thumbnail | https://thumb.wikimedia.org/wikipedia/commons/thumb/5/5a/Adalaj_Stepwell_-_Rudabai_stepwell.jpg/960px-Adalaj_Stepwell_-_Rudabai_stepwell.jpg?utm_source=commons.wikimedia.org&utm_campaign=imageinfo&utm_content=thumbnail | https://thumb.wikimedia.org/wikipedia/commons/thumb/3/37/Adalaj_Stepwell_-_Rudabai_stepwell_-_Ahmedabad_-_Gujarat_-_001.jpg/960px-Adalaj_Stepwell_-_Rudabai_stepwell_-_Ahmedabad_-_Gujarat_-_001.jpg?utm_source=commons.wikimedia.org&utm_campaign=imageinfo&utm_content=thumbnail | https://thumb.wikimedia.org/wikipedia/commons/thumb/4/4c/Adalaj_Stepwell_-_Rudabai_stepwell_-_Ahmedabad_-_Gujarat_-_002.jpg/960px-Adalaj_Stepwell_-_Rudabai_stepwell_-_Ahmedabad_-_Gujarat_-_002.jpg?utm_source=commons.wikimedia.org&utm_campaign=imageinfo&utm_content=thumbnail | https://thumb.wikimedia.org/wikipedia/commons/thumb/1/12/Adalaj_Stepwell_-_Rudabai_stepwell_-_Ahmedabad_-_Gujarat_-_003.jpg/960px-Adalaj_Stepwell_-_Rudabai_stepwell_-_Ahmedabad_-_Gujarat_-_003.jpg?utm_source=commons.wikimedia.org&utm_campaign=imageinfo&utm_content=thumbnail
IND-GJ-07,Lothal: Ancient Harappan Port & Tidal Dockyard,લોથલ ગોદીવાડો (Lothal Harappan Port),Centrally Protected Monument (ASI),Bronze Age Maritime Port & Tidal Basin,Gujarat,"Ahmedabad District, Saragwala village, Dholka",22.5228,72.2497,W-GJ-7,Tentative List (Archaeological Remains of Lothal),Indus Valley Civilization (Mature Harappan Maritime Merchants),"2400 BCE – 1900 BCE (Bronze Age, 4,400 years old)",Harappan Hydraulic Maritime Civil Engineering & Kiln-Burnt Brick Dock,"Kiln-fired Water-resistant Red Clay Bricks (Standardized 1:2:4 ratio), Gypsum-lime waterproof plaster",Dockyard Basin: 214 m long x 36 m wide x 4.2 m deep; Acropolis and Lower Town,"Trapezoidal Tidal Dock Basin with Sluice Gate and Spillway, Warehouse Acropolis on 3.5m elevated mud-brick platform, Micro-Bead Micro-Drill Factory (Carnelian & Agate gemstones), Underground Street Drainage with Inspection Soakage Jars, Circular Persian Gulf Steatite Button Seal","The world's earliest known engineered tidal dockyard, connecting ancient India to Mesopotamia (Sumer), Bahrain (Dilmun), and Oman (Magan) via the Gulf of Khambhat and Sabarmati River basin. Harappan engineers understood tidal dynamics, designing a masonry lock-gate system: high tide opened the inlet channel to let cargo boats float into the basin, while the sluice gate trapped water at low tide so ships remained buoyant for unloading.","Open 10:00 AM to 05:00 PM (Closed Fridays). On-site ASI Museum displays genuine Harappan carnelian beads, copper fishhooks, weights, and Indus seals. Located 85 km southwest of Ahmedabad.","Nalsarovar Bird Sanctuary (55 km), Dholka Historic Mosques (30 km), Ahmedabad (85 km)",Archaeological Survey of India (Vadodara Circle),https://thumb.wikimedia.org/wikipedia/commons/thumb/f/f5/Dhar_%26_Mandu_-_a_sketch_for_the_sight-seer_%28IA_dharmandusketchf00luarrich%29.pdf/page1-500px-Dhar_%26_Mandu_-_a_sketch_for_the_sight-seer_%28IA_dharmandusketchf00luarrich%29.pdf.jpg?utm_source=commons.wikimedia.org&utm_campaign=imageinfo&utm_content=thumbnail,3,https://thumb.wikimedia.org/wikipedia/commons/thumb/f/f5/Dhar_%26_Mandu_-_a_sketch_for_the_sight-seer_%28IA_dharmandusketchf00luarrich%29.pdf/page1-500px-Dhar_%26_Mandu_-_a_sketch_for_the_sight-seer_%28IA_dharmandusketchf00luarrich%29.pdf.jpg?utm_source=commons.wikimedia.org&utm_campaign=imageinfo&utm_content=thumbnail | https://thumb.wikimedia.org/wikipedia/commons/thumb/6/66/Historic_heritage_sites_of_Gujarat_with_GPS_coordinates.jpg/960px-Historic_heritage_sites_of_Gujarat_with_GPS_coordinates.jpg?utm_source=commons.wikimedia.org&utm_campaign=imageinfo&utm_content=thumbnail | https://thumb.wikimedia.org/wikipedia/commons/thumb/0/0f/Journal_of_the_Asiatic_Society_of_Bengal_%28IA_JournalAsiaticSv58pAsia%29.pdf/page1-500px-Journal_of_the_Asiatic_Society_of_Bengal_%28IA_JournalAsiaticSv58pAsia%29.pdf.jpg?utm_source=commons.wikimedia.org&utm_campaign=imageinfo&utm_content=thumbnail
IND-GJ-08,Somnath Temple (Prabhas Patan),સોમનાથ મહાદેવ મંદિર (Somnath Temple),Ancient Living Jyotirlinga Sanctuary,First Among Twelve Holy Jyotirlingas,Gujarat,"Gir Somnath District, Veraval",20.888,70.4012,Shree Somnath Trust / State Heritage,Adyaprathama Jyotirlinga of India,"Yadavas, Solankis (Kumarapala), Ahilyabai Holkar & Sardar Vallabhbhai Patel",Ancient Origin; Reconstructed 1951 CE,Kailash Mahameru Prasad (Classical Māru-Gurjara Temple Architecture),"Dhrangadhra Yellow Sandstone blocks, Red lead copper dowels, Gold-plated Kalasha flagstaff",Shikhara Height: 47 m (155 ft); 10-tonne Kalash finial; Overlooks Triveni Sangam and Arabian Sea,"Towering Kailash Mahameru Shikhara, Baan Stambh (Arrow Pillar pointing southward across uninterrupted ocean to Antarctica), Triveni Sangam (Confluence of Hiran, Kapila, and Saraswati rivers), Sabha Mandapa with carved pillar brackets, Sardar Patel Bronze Memorial Statue","Revered as the eternal shrine of Lord Shiva. Destroyed and rebuilt repeatedly across historical centuries—sacked by Mahmud of Ghazni (1026 CE), Alauddin Khilji's generals (1299 CE), and Aurangzeb (1706 CE). Rebuilt with great reverence by Queen Ahilyabai Holkar of Indore in 1783. Following India's independence, iron-man Deputy Prime Minister Sardar Vallabhbhai Patel resolved in November 1947 to resurrect Somnath to its original ancient glory, inaugurated in 1951 by President Dr. Rajendra Prasad.","Open 06:00 AM to 10:00 PM daily. Aarti at 07:00 AM, 12:00 PM, and 07:00 PM. Evening Sound & Light show (Jay Somnath) with ocean backdrop. Strict security: mobile phones, bags, and electronic items deposited in free cloakrooms.","Bhalka Tirtha (Where Lord Krishna departed for heavenly abode, 5 km), Gir National Park & Lion Sanctuary (45 km), Diu Fort (85 km)",Shree Somnath Trust (Government of Gujarat & Ministry of Culture),https://thumb.wikimedia.org/wikipedia/commons/thumb/1/16/1869_archive_photo_of_the_Somanatha_temple%2C_Veraval_Gujarat%2C_Exterior_03.jpg/960px-1869_archive_photo_of_the_Somanatha_temple%2C_Veraval_Gujarat%2C_Exterior_03.jpg?utm_source=commons.wikimedia.org&utm_campaign=imageinfo&utm_content=thumbnail,7,https://thumb.wikimedia.org/wikipedia/commons/thumb/1/16/1869_archive_photo_of_the_Somanatha_temple%2C_Veraval_Gujarat%2C_Exterior_03.jpg/960px-1869_archive_photo_of_the_Somanatha_temple%2C_Veraval_Gujarat%2C_Exterior_03.jpg?utm_source=commons.wikimedia.org&utm_campaign=imageinfo&utm_content=thumbnail | https://thumb.wikimedia.org/wikipedia/commons/thumb/8/8c/1869_archive_photo_of_the_Somanatha_temple%2C_Veraval_Gujarat%2C_Exterior_09.jpg/960px-1869_archive_photo_of_the_Somanatha_temple%2C_Veraval_Gujarat%2C_Exterior_09.jpg?utm_source=commons.wikimedia.org&utm_campaign=imageinfo&utm_content=thumbnail | https://thumb.wikimedia.org/wikipedia/commons/thumb/6/63/1869_archive_photo_of_the_Somanatha_temple%2C_Veraval_Gujarat%2C_Interior_07.jpg/960px-1869_archive_photo_of_the_Somanatha_temple%2C_Veraval_Gujarat%2C_Interior_07.jpg?utm_source=commons.wikimedia.org&utm_campaign=imageinfo&utm_content=thumbnail | https://thumb.wikimedia.org/wikipedia/commons/thumb/7/7b/%22Aerial_view_of_Somnath_temple_01%2C_Prabhas_Patan_Gujarat.jpg/960px-%22Aerial_view_of_Somnath_temple_01%2C_Prabhas_Patan_Gujarat.jpg?utm_source=commons.wikimedia.org&utm_campaign=imageinfo&utm_content=thumbnail | https://thumb.wikimedia.org/wikipedia/commons/thumb/b/ba/%22Aerial_view_of_Somnath_temple_02%2C_Prabhas_Patan_Gujarat.jpg/960px-%22Aerial_view_of_Somnath_temple_02%2C_Prabhas_Patan_Gujarat.jpg?utm_source=commons.wikimedia.org&utm_campaign=imageinfo&utm_content=thumbnail | https://thumb.wikimedia.org/wikipedia/commons/thumb/a/a2/2015_Somnath_Jyotirlinga_temple_Prabhas_Patan.jpg/960px-2015_Somnath_Jyotirlinga_temple_Prabhas_Patan.jpg?utm_source=commons.wikimedia.org&utm_campaign=imageinfo&utm_content=thumbnail | https://upload.wikimedia.org/wikipedia/commons/6/6a/Ruins_of_Somnath_Temple%2C_Prabhas_Patan%2C_India_-_DPLA_-_08860b59cdcc0a411dc0f7adf03bd06b.jpg?utm_source=commons.wikimedia.org&utm_campaign=imageinfo&utm_content=thumbnail_unscaled
IND-GJ-09,"Dwarkadhish Temple (Jagat Mandir, Dwarka)",દ્વારકાધીશ જગત મંદિર (Dwarkadhish),Char Dham Sacred Pilgrimage Shrine,Chalukya Holy Citadel Temple,Gujarat,"Devbhumi Dwarka District, Dwarka",22.2378,68.9678,W-GJ-8,Char Dham of India & National Sacred Treasure,"Vajranabha (Grandson of Krishna, Traditional) & Chaulukya / Solanki Dynasty","Origin: 2,200 years ago; Present structural temple: 15th – 16th Century CE",Māru-Gurjara Chalukya Temple Architecture,"Dressed Limestone and Soft Sandstone, Teak timbering, 52-yard silk flagstaff",Height: 78 m (256 ft); 5 Storeys supported by 72 monolithic carved stone pillars,"72-Pillared Nijamandir Sanctum, 52-Yard Sacred Triangular Flag (Dhwaja) fluttering atop the 78m spire (Changed 5 times daily), Swarga Dwar (Heaven Gate) facing Gomti River, Moksha Dwar (Liberation Gate), Gomti Ghat stepped riverbank","One of the four sacred Char Dham pilgrimage sites of Hinduism, situated on the western tip of the Saurashtra peninsula where the Gomti River meets the Arabian Sea. Archaeological marine excavations conducted by Dr. S.R. Rao of the National Institute of Oceanography (NIO) discovered submerged stone anchors, defensive bastions, and jetty pillars underwater, verifying the epic underwater city of Dwarka described in the Mahabharata.",Open 06:30 AM to 01:00 PM & 05:00 PM to 09:30 PM. Dhwajarohan (ceremonial flag-changing ceremony) is a major ritual. Marine underwater scuba heritage tours operate nearby at Bet Dwarka.,"Nageshwar Jyotirlinga (17 km), Bet Dwarka Island (30 km via new Sudarshan Setu cable bridge), Rukmini Devi Temple (2.5 km)",Archaeological Survey of India (Vadodara Circle) & Dwarka Devasthan Samiti,https://thumb.wikimedia.org/wikipedia/commons/thumb/4/4c/Dwarakadhish_Temple_Of_Lord_Krishna%2C_At_Dwarka%2C_Gujarat..JPG/960px-Dwarakadhish_Temple_Of_Lord_Krishna%2C_At_Dwarka%2C_Gujarat..JPG?utm_source=commons.wikimedia.org&utm_campaign=imageinfo&utm_content=thumbnail,7,https://thumb.wikimedia.org/wikipedia/commons/thumb/4/4c/Dwarakadhish_Temple_Of_Lord_Krishna%2C_At_Dwarka%2C_Gujarat..JPG/960px-Dwarakadhish_Temple_Of_Lord_Krishna%2C_At_Dwarka%2C_Gujarat..JPG?utm_source=commons.wikimedia.org&utm_campaign=imageinfo&utm_content=thumbnail | https://thumb.wikimedia.org/wikipedia/commons/thumb/f/fa/Dwarkadhish_Temple%2C_Dwarka%2C_Gujarat.JPG/960px-Dwarkadhish_Temple%2C_Dwarka%2C_Gujarat.JPG?utm_source=commons.wikimedia.org&utm_campaign=imageinfo&utm_content=thumbnail | https://thumb.wikimedia.org/wikipedia/commons/thumb/a/a9/Guj21_Dwarka_Dwarkadhish_Temple_from_Sudama_Setu.jpg/960px-Guj21_Dwarka_Dwarkadhish_Temple_from_Sudama_Setu.jpg?utm_source=commons.wikimedia.org&utm_campaign=imageinfo&utm_content=thumbnail | https://thumb.wikimedia.org/wikipedia/commons/thumb/1/10/Dwarkadhish_Temple_-_Jagat_Mandir_-_Dwarakadheesh_and_surroundings_during_Dwaraka_DWARASPDB_2015_%2831%29.jpg/960px-Dwarkadhish_Temple_-_Jagat_Mandir_-_Dwarakadheesh_and_surroundings_during_Dwaraka_DWARASPDB_2015_%2831%29.jpg?utm_source=commons.wikimedia.org&utm_campaign=imageinfo&utm_content=thumbnail | https://thumb.wikimedia.org/wikipedia/commons/thumb/4/47/Dwarkadhish_Temple_-_Jagat_Mandir_-_Dwarakadheesh_and_surroundings_during_Dwaraka_DWARASPDB_2015_%2832%29.jpg/960px-Dwarkadhish_Temple_-_Jagat_Mandir_-_Dwarakadheesh_and_surroundings_during_Dwaraka_DWARASPDB_2015_%2832%29.jpg?utm_source=commons.wikimedia.org&utm_campaign=imageinfo&utm_content=thumbnail | https://thumb.wikimedia.org/wikipedia/commons/thumb/d/d8/Dwarkadhish_Temple_-_Jagat_Mandir_-_Dwarakadheesh_and_surroundings_during_Dwaraka_DWARASPDB_2015_%2833%29.jpg/960px-Dwarkadhish_Temple_-_Jagat_Mandir_-_Dwarakadheesh_and_surroundings_during_Dwaraka_DWARASPDB_2015_%2833%29.jpg?utm_source=commons.wikimedia.org&utm_campaign=imageinfo&utm_content=thumbnail | https://thumb.wikimedia.org/wikipedia/commons/thumb/f/f4/Dwarkadhish_Temple_-_Jagat_Mandir_-_Dwarakadheesh_and_surroundings_during_Dwaraka_DWARASPDB_2015_%2834%29.jpg/960px-Dwarkadhish_Temple_-_Jagat_Mandir_-_Dwarakadheesh_and_surroundings_during_Dwaraka_DWARASPDB_2015_%2834%29.jpg?utm_source=commons.wikimedia.org&utm_campaign=imageinfo&utm_content=thumbnail
IND-GJ-10,"Junagadh Rock Inscriptions of Ashoka, Rudradaman & Skandagupta",જૂનાગઢ અશોક શિલાલેખ (Junagadh Rock Inscriptions),Centrally Protected Monument (ASI),Trilingual Epigraphic Boulder of Imperial Dynasties,Gujarat,"Junagadh District, Girnar foothills",21.5178,70.4789,W-GJ-9,National Epigraphical Monument of India,"Maurya Empire (Ashoka), Western Kshatrapas (Rudradaman I), and Gupta Empire (Skandagupta)",250 BCE – 455 CE (spanning 700 years on a single boulder),Imperial Rock Edicts & Early Sanskrit Epigraphy,Monolithic Basaltic Granite Boulder enclosed inside an ASI protective heritage pavilion,"Granite Boulder Circumference: 23 meters; 14 Edicts of Ashoka, Rudradaman inscription, Skandagupta inscription","14 Major Rock Edicts of Emperor Ashoka inscribed in Brahmi script, Junagadh Rock Inscription of Rudradaman I (First major long Sanskrit inscription in classical chaste kavya style, 150 CE), Skandagupta Edict (455 CE recording the bursting and repair of Sudarshana Lake dam), Protective colonial building enclosure",A miracle of Indian epigraphy: three of the greatest imperial rulers across 700 years recorded their history on the very same granite rock. Ashoka (250 BCE) inscribed his moral edicts advocating non-violence (Ahimsa) and medical treatment for animals. Rudradaman I (150 CE) recorded his rebuilding of the Sudarshana Lake dam without levying any tax on citizens. Skandagupta (455 CE) documented repelling the brutal Huna barbarian invasion.,Open 08:00 AM to 06:00 PM daily. Located 2 km east of Junagadh on the road to Mount Girnar. Entrance ticket includes detailed informational interpretive boards.,"Uparkot Fort (2 km), Mahabat Maqbara (3 km), Girnar Ropeway (Asia's longest temple ropeway, 3 km), Sakkarbaug Zoological Garden (4 km)",Archaeological Survey of India (Vadodara Circle),https://thumb.wikimedia.org/wikipedia/commons/thumb/8/85/AshokanRockEdict.jpg/960px-AshokanRockEdict.jpg?utm_source=commons.wikimedia.org&utm_campaign=imageinfo&utm_content=thumbnail,3,https://thumb.wikimedia.org/wikipedia/commons/thumb/8/85/AshokanRockEdict.jpg/960px-AshokanRockEdict.jpg?utm_source=commons.wikimedia.org&utm_campaign=imageinfo&utm_content=thumbnail | https://thumb.wikimedia.org/wikipedia/commons/thumb/e/e1/Edicts_of_Ashoka_at_Junagadh_Gujarat.jpg/960px-Edicts_of_Ashoka_at_Junagadh_Gujarat.jpg?utm_source=commons.wikimedia.org&utm_campaign=imageinfo&utm_content=thumbnail | https://thumb.wikimedia.org/wikipedia/commons/thumb/8/8e/Edicts_of_Ashoka_at_Junagadh_Gujarat_%28cropped%29.jpg/960px-Edicts_of_Ashoka_at_Junagadh_Gujarat_%28cropped%29.jpg?utm_source=commons.wikimedia.org&utm_campaign=imageinfo&utm_content=thumbnail
IND-GJ-11,Uparkot Fort & Buddhist Rock-Cut Caves,ઉપરકોટ કિલ્લો અને બૌદ્ધ ગુફાઓ (Uparkot Fort),State & Centrally Protected Monument (ASI),"2,300-Year-Old Ancient Citadel & Stepwells",Gujarat,"Junagadh District, Junagadh",21.52,70.468,W-GJ-10,Ancient Citadel of Saurashtra,Maurya Empire (Chandragupta Maurya) & Chudasama Rajputs (Ra Navghan),319 BCE (Origin); 2nd – 15th Century CE,Ancient Rock-Cut Fortress & Subterranean Stepwells,"Monolithic Bedrock Basalt, Chiseled rock-cut stairwells, Bronze artillery cannons",Moat Depth: 20m cut into solid rock; Uparkot Caves: 3-tiered rock-cut monastery with bathing cisterns,"Adi Kadi Vav (Deep stepwell carved 81m entirely out of a single rock vein without structural masonry), Navghan Kuvo (Circular stepwell spiral staircase reaching 52m deep), Buddhist Rock-Cut Caves with floral Corinthian-like fluted pillars, Cannon Neelam and Manek (Forged in Egypt and brought by Ottoman Admiral Sulaiman Pasha), Jami Masjid","Founded around 319 BCE by Chandragupta Maurya and inhabited continuously for over 2,300 years. Resisted a legendary 12-year siege by Siddharaj Jaisinh of Patan against Chudasama ruler Ra Khengar. The Adi Kadi Vav and Navghan Kuvo were excavated directly into solid rock to ensure the citadel never ran out of water during multi-year sieges; local folklore says 'Adi Kadi Vav and Navghan Kuvo: if you haven't seen them, you've lived for nothing'.","Open 08:00 AM to 06:00 PM. Recently restored by Gujarat Tourism with golf carts, heritage lighting, and walkways. Wear non-slip shoes for descending the stepwell stone stairs.","Mahabat Maqbara (Spectacular Gothic-Indo-Islamic palace, 1.5 km), Girnar Temple Steps (3 km), Junagadh Museum (2 km)",Department of Archaeology Gujarat & Archaeological Survey of India,https://thumb.wikimedia.org/wikipedia/commons/thumb/b/bb/Buddhist_caves_Uparkot_Junagadh_Gujarat_001.jpg/960px-Buddhist_caves_Uparkot_Junagadh_Gujarat_001.jpg?utm_source=commons.wikimedia.org&utm_campaign=imageinfo&utm_content=thumbnail,3,https://thumb.wikimedia.org/wikipedia/commons/thumb/b/bb/Buddhist_caves_Uparkot_Junagadh_Gujarat_001.jpg/960px-Buddhist_caves_Uparkot_Junagadh_Gujarat_001.jpg?utm_source=commons.wikimedia.org&utm_campaign=imageinfo&utm_content=thumbnail | https://thumb.wikimedia.org/wikipedia/commons/thumb/2/22/Buddhist_caves_Uparkot_Junagadh_Gujarat_002.jpg/960px-Buddhist_caves_Uparkot_Junagadh_Gujarat_002.jpg?utm_source=commons.wikimedia.org&utm_campaign=imageinfo&utm_content=thumbnail | https://thumb.wikimedia.org/wikipedia/commons/thumb/8/8a/Buddhist_caves_Uparkot_Junagadh_Gujarat_003.jpg/960px-Buddhist_caves_Uparkot_Junagadh_Gujarat_003.jpg?utm_source=commons.wikimedia.org&utm_campaign=imageinfo&utm_content=thumbnail
IND-GJ-12,Palitana Temples on Shatrunjaya Hill,પાલીતાણા શેત્રુંજય તીર્થ (Palitana Temples),Sacred Living Tirthankara Sanctuary,Monolithic Hilltop City of 863 White Marble Temples,Gujarat,"Bhavnagar District, Palitana",21.5233,71.7944,Anandji Kalyanji Pedhi / State Heritage,World's Largest Cluster of Temple Shrines on a Single Hill,"Solanki Kings & Jain Merchant Guilds (Vimal Shah, Vastupala, Tejapala)",11th Century CE – Present (spanning 900 years of continuous carving),Apex Māru-Gurjara White Marble Temple Architecture,"Pure Makrana and Rajasthan White Marble, Intricately carved stone brackets","Over 863 white marble temples grouped into 9 fortified tuks (enclosures); 3,500 stone steps to summit","Adinath (Rishabhanatha) Main Temple with jeweled eyes, 863 Marble Spires dominating the mountain ridge, Chaumukha Temple with four-faced Tirthankara, Fortified defensive tuk walls, Angar Pir Dargah within the complex, 3,500 Pilgrimage Steps","Revered as the holiest of all pilgrimage places (Siddhakshetra) in Jainism, where 23 of the 24 Tirthankaras (except Neminatha) sanctified the hill. It is the only mountain in the world with over 800 temples built atop it. Every evening at sunset, all priests and devotees must descend the sacred hill—not even the priests are permitted to sleep on the hill at night, leaving the holy city to the gods alone. In 2014, Palitana became the world's first legally 100% vegetarian city.","Climb commences at 05:00 AM; devotees must descend before sunset (around 06:00 PM). Requires climbing 3,500 stone steps (approx. 2 to 3 hours); doli (palanquin chair carried by porters) available for elderly and disabled visitors. Leather items strictly prohibited on the hill.","Bhavnagar City & Nilambag Palace (50 km), Alang Ship Breaking Yard (60 km), Velavadar Blackbuck National Park (75 km)",Anandji Kalyanji Trust & Gujarat Tourism Board,https://thumb.wikimedia.org/wikipedia/commons/thumb/e/eb/A_nun_being_carried_Jain_culture_religion_rites_rituals_sights.jpg/960px-A_nun_being_carried_Jain_culture_religion_rites_rituals_sights.jpg?utm_source=commons.wikimedia.org&utm_campaign=imageinfo&utm_content=thumbnail,7,https://thumb.wikimedia.org/wikipedia/commons/thumb/e/eb/A_nun_being_carried_Jain_culture_religion_rites_rituals_sights.jpg/960px-A_nun_being_carried_Jain_culture_religion_rites_rituals_sights.jpg?utm_source=commons.wikimedia.org&utm_campaign=imageinfo&utm_content=thumbnail | https://thumb.wikimedia.org/wikipedia/commons/thumb/0/0f/Palitana%2C_Shatrunjaya%2C_Adishwar_Temple_%289717821147%29.jpg/960px-Palitana%2C_Shatrunjaya%2C_Adishwar_Temple_%289717821147%29.jpg?utm_source=commons.wikimedia.org&utm_campaign=imageinfo&utm_content=thumbnail | https://thumb.wikimedia.org/wikipedia/commons/thumb/2/24/Palitana%2C_Shatrunjaya%2C_Adishwar_Temple_%289721034826%29.jpg/960px-Palitana%2C_Shatrunjaya%2C_Adishwar_Temple_%289721034826%29.jpg?utm_source=commons.wikimedia.org&utm_campaign=imageinfo&utm_content=thumbnail | https://thumb.wikimedia.org/wikipedia/commons/thumb/7/72/Anand_bora-palitana-gujrath-DSC_6619.jpg/960px-Anand_bora-palitana-gujrath-DSC_6619.jpg?utm_source=commons.wikimedia.org&utm_campaign=imageinfo&utm_content=thumbnail | https://thumb.wikimedia.org/wikipedia/commons/thumb/6/6a/Palitana%2C_Shatrunjaya%2C_dholis%2C_pilgrims%2C_and_steps_%289825131513%29.jpg/960px-Palitana%2C_Shatrunjaya%2C_dholis%2C_pilgrims%2C_and_steps_%289825131513%29.jpg?utm_source=commons.wikimedia.org&utm_campaign=imageinfo&utm_content=thumbnail | https://thumb.wikimedia.org/wikipedia/commons/thumb/8/8f/Palitana_temples_01.jpg/960px-Palitana_temples_01.jpg?utm_source=commons.wikimedia.org&utm_campaign=imageinfo&utm_content=thumbnail | https://thumb.wikimedia.org/wikipedia/commons/thumb/1/1c/Shatrunjaya_01.jpg/960px-Shatrunjaya_01.jpg?utm_source=commons.wikimedia.org&utm_campaign=imageinfo&utm_content=thumbnail
IND-GJ-13,Vadnagar Kirti Torana & Archaeological Site,વડનગર કીર્તિ તોરણ (Vadnagar Kirti Torana),Centrally Protected Monument (ASI),Solanki Victory Triumphal Arches & Ancient City Excavations,Gujarat,"Mehsana District, Vadnagar",23.7833,72.6333,W-GJ-11,Tentative List (Vadnagar Historic Town),Chaulukya / Solanki Dynasty (King Kumarapala / Jayasimha Siddharaja),12th Century CE (c. 1150 CE),Solanki Ornamental Free-Standing Stone Gateways,Dressed Red and Yellow Sandstone with deep-relief carvings without mortar,Height: 12 m (40 ft); Twin freestanding pillars supporting archway pediment,"Twin 12-meter Free-Standing Kirti Torana Arches, Serpentine Makara Bracket Arches, Hatkeshwar Mahadev Temple, Sharmistha Lake stepped ghats, Excavated 2nd-Century Buddhist Monastery (Vihara)","Vadnagar (ancient Anartapura / Chamatkarpur) has witnessed continuous human habitation for over 2,750 years since 750 BCE, through Mauryan, Kshatrapa, Gupta, Maitraka, and Solanki eras without ever being abandoned. The twin Kirti Toranas were erected as ceremonial victory gateways to welcome returning victorious armies. Excavations by ASI in 2023 unearthed a 7-stage archaeological trench spanning from pre-Christian times to modern day, proving deep international Buddhist connections visited by Chinese pilgrim Hiuen Tsang in 640 CE.",Open sunrise to sunset daily. Located 40 km from Mehsana and 110 km north of Ahmedabad. Newly inaugurated state-of-the-art Vadnagar Experiential Archaeological Museum on-site.,"Modhera Sun Temple (45 km), Rani ki Vav Patan (60 km), Taranga Jain Temple (30 km)",Archaeological Survey of India (Vadodara Circle),https://thumb.wikimedia.org/wikipedia/commons/thumb/d/da/An_HDR_image_of_Kirti_Toran_-_Vadnagar.jpg/960px-An_HDR_image_of_Kirti_Toran_-_Vadnagar.jpg?utm_source=commons.wikimedia.org&utm_campaign=imageinfo&utm_content=thumbnail,4,https://thumb.wikimedia.org/wikipedia/commons/thumb/d/da/An_HDR_image_of_Kirti_Toran_-_Vadnagar.jpg/960px-An_HDR_image_of_Kirti_Toran_-_Vadnagar.jpg?utm_source=commons.wikimedia.org&utm_campaign=imageinfo&utm_content=thumbnail | https://thumb.wikimedia.org/wikipedia/commons/thumb/b/b3/Kirti_Torana_1.jpg/960px-Kirti_Torana_1.jpg?utm_source=commons.wikimedia.org&utm_campaign=imageinfo&utm_content=thumbnail | https://thumb.wikimedia.org/wikipedia/commons/thumb/4/4d/Kirti_Torana_2.jpg/960px-Kirti_Torana_2.jpg?utm_source=commons.wikimedia.org&utm_campaign=imageinfo&utm_content=thumbnail | https://thumb.wikimedia.org/wikipedia/commons/thumb/6/66/Historic_heritage_sites_of_Gujarat_with_GPS_coordinates.jpg/960px-Historic_heritage_sites_of_Gujarat_with_GPS_coordinates.jpg?utm_source=commons.wikimedia.org&utm_campaign=imageinfo&utm_content=thumbnail
IND-GJ-14,Laxmi Vilas Palace,લક્ષ્મી વિલાસ પેલેસ (Laxmi Vilas Palace),State Heritage Monument & Royal Residence,Colossal Indo-Saracenic Royal Palace,Gujarat,"Vadodara District, Vadodara",22.2936,73.1914,Gaekwad Heritage / State Monument,World's Largest Private Residence (Four times the size of Buckingham Palace),Gaekwad Dynasty (Maharaja Sayajirao Gaekwad III / Architect Major Charles Mant),1890 CE (Late 19th Century),"Indo-Saracenic Revival (Synthesis of Hindu, Mughal, Rajput, Gothic, and Venetian)","Agra Red Sandstone, Italian Carrara Marble, Belgian Stained Glass, Travertine, Bronze sculptures",Palace Compound: 500 acres; Built-up floor area: 170 rooms; Clock Tower Height: 91 m (300 ft),"Darbar Hall with Venetian Mosaic Tile Floor and Belgian Stained Glass (featuring Lord Krishna and royal scenes), 300-foot High Central Clock Tower, Royal Armory with Swords of Shivaji Maharaj and Aurangzeb, Sunken Italian Fountains, Maharaja Fateh Singh Museum","Constructed over 12 years by Maharaja Sayajirao Gaekwad III at a cost of £180,000 in 1890. Designed by Major Charles Mant (who tragically succumbed to stress believing his calculations were flawed, though the building stands flawlessly). It was equipped with the most modern European technologies of its era, including internal hydraulic passenger lifts and complete electric lighting. The estate houses an 18-hole golf course and the world's largest collection of paintings by Raja Ravi Varma.",Open 10:00 AM to 05:00 PM (Closed Mondays). Audio guide in 8 languages included with admission ticket. Photography permitted in exterior grounds.,"Sayaji Baug & Baroda Museum (3.5 km), Kirti Mandir (2.5 km), Champaner-Pavagadh (45 km)",Vadodara Heritage Trust & Department of Archaeology Gujarat,https://thumb.wikimedia.org/wikipedia/commons/thumb/0/05/Lakshmi_Vilas_Palace-Vadodara.jpg/960px-Lakshmi_Vilas_Palace-Vadodara.jpg?utm_source=commons.wikimedia.org&utm_campaign=imageinfo&utm_content=thumbnail,7,https://thumb.wikimedia.org/wikipedia/commons/thumb/0/05/Lakshmi_Vilas_Palace-Vadodara.jpg/960px-Lakshmi_Vilas_Palace-Vadodara.jpg?utm_source=commons.wikimedia.org&utm_campaign=imageinfo&utm_content=thumbnail | https://thumb.wikimedia.org/wikipedia/commons/thumb/7/7a/Laxmi_Vilas_Palace-1.jpg/960px-Laxmi_Vilas_Palace-1.jpg?utm_source=commons.wikimedia.org&utm_campaign=imageinfo&utm_content=thumbnail | https://thumb.wikimedia.org/wikipedia/commons/thumb/b/b3/Laxmi_Vilas_Palace-2.jpg/960px-Laxmi_Vilas_Palace-2.jpg?utm_source=commons.wikimedia.org&utm_campaign=imageinfo&utm_content=thumbnail | https://thumb.wikimedia.org/wikipedia/commons/thumb/1/1c/Bharatpur-48-Laxmi_Vilas_Palace-2018-gje.jpg/960px-Bharatpur-48-Laxmi_Vilas_Palace-2018-gje.jpg?utm_source=commons.wikimedia.org&utm_campaign=imageinfo&utm_content=thumbnail | https://thumb.wikimedia.org/wikipedia/commons/thumb/6/63/Lakshmi_Vilas_Palace%2C_Vadodara.jpg/960px-Lakshmi_Vilas_Palace%2C_Vadodara.jpg?utm_source=commons.wikimedia.org&utm_campaign=imageinfo&utm_content=thumbnail | https://thumb.wikimedia.org/wikipedia/commons/thumb/a/a2/Lakshmi_Vilas_Palace_Vadodara_%28Baroda%29.jpg/960px-Lakshmi_Vilas_Palace_Vadodara_%28Baroda%29.jpg?utm_source=commons.wikimedia.org&utm_campaign=imageinfo&utm_content=thumbnail | https://thumb.wikimedia.org/wikipedia/commons/thumb/c/ce/Laxmi_Vilas_Palace_-_Vadodara.jpg/960px-Laxmi_Vilas_Palace_-_Vadodara.jpg?utm_source=commons.wikimedia.org&utm_campaign=imageinfo&utm_content=thumbnail
IND-GJ-15,Sarkhej Roza (The Acropolis of Ahmedabad),સરખેજ રોઝા (Sarkhej Roza),Centrally Protected Monument (ASI),"Sufi Tomb, Royal Palace & Lake Complex",Gujarat,"Ahmedabad District, Makarba / Sarkhej",22.9818,72.4998,W-GJ-12,Component of Historic City of Ahmadabad UNESCO Site 1551,"Gujarat Sultanate (Sultan Muhammad Shah, Qutbuddin Ahmad Shah, Mahmud Begada)",1445 – 1510 CE (15th Century),"Indo-Saracenic Gujarat Islamic (Without minarets, using post-and-beam trabeated system)","Local Dhrangadhra Sandstone, Brass jali screens, Interlocking stone pillars",Complex: 34 acres around a central 17-acre excavated royal lake (Ahmed Sar),"Tomb of Sufi Saint Sheikh Ahmed Khattu Ganj Baksh with fine pierced brass screens, Royal Tombs of Sultan Mahmud Begada and Queen Rajabai, Symmetrical Pillared Pavilions reflected in Ahmed Sar Lake, Sluice Water Inlet Channels","Described by modern architect Le Corbusier as 'the Acropolis of Ahmedabad' due to its perfect proportional harmony and spatial rhythm. Built around the shrine of Sufi saint Sheikh Ahmed Khattu Ganj Baksh, the spiritual advisor who counselled Sultan Ahmed Shah to found Ahmedabad. Uniquely devoid of Persian arches and minarets; instead, it relies completely on indigenous Indian trabeated post-and-beam stone architecture.",Open 09:00 AM to 06:00 PM daily. Exceptional sunset reflection photography over the water tank steps. Modest dress code required.,"Sabarmati Riverfront (8 km), Sidi Saiyyed Mosque (9 km), Adalaj Stepwell (22 km)",Archaeological Survey of India (Vadodara Circle) & Sarkhej Roza Committee,https://thumb.wikimedia.org/wikipedia/commons/thumb/e/e1/Queen_Tomb_-_Sarkhej_Roza%2C_Ahmedabad%2CGujarat%2C_India.jpg/960px-Queen_Tomb_-_Sarkhej_Roza%2C_Ahmedabad%2CGujarat%2C_India.jpg?utm_source=commons.wikimedia.org&utm_campaign=imageinfo&utm_content=thumbnail,4,https://thumb.wikimedia.org/wikipedia/commons/thumb/e/e1/Queen_Tomb_-_Sarkhej_Roza%2C_Ahmedabad%2CGujarat%2C_India.jpg/960px-Queen_Tomb_-_Sarkhej_Roza%2C_Ahmedabad%2CGujarat%2C_India.jpg?utm_source=commons.wikimedia.org&utm_campaign=imageinfo&utm_content=thumbnail | https://thumb.wikimedia.org/wikipedia/commons/thumb/5/57/Sarkhej_Roza-Ahmed_Sar_Lake-Jama_Masjid-01.jpg/960px-Sarkhej_Roza-Ahmed_Sar_Lake-Jama_Masjid-01.jpg?utm_source=commons.wikimedia.org&utm_campaign=imageinfo&utm_content=thumbnail | https://thumb.wikimedia.org/wikipedia/commons/thumb/f/f5/Sarkhej_Roza-Ahmed_Sar_Lake-Jama_Masjid-02.jpg/960px-Sarkhej_Roza-Ahmed_Sar_Lake-Jama_Masjid-02.jpg?utm_source=commons.wikimedia.org&utm_campaign=imageinfo&utm_content=thumbnail | https://thumb.wikimedia.org/wikipedia/commons/thumb/9/90/Sarkhej.JPG/960px-Sarkhej.JPG?utm_source=commons.wikimedia.org&utm_campaign=imageinfo&utm_content=thumbnail
IND-GJ-16,Mahabat Maqbara Complex,મહોબત મકબરા (Mahabat Maqbara),State & Centrally Protected Monument,"Indo-Islamic, Gothic & European Baroque Royal Mausoleum",Gujarat,"Junagadh District, Junagadh",21.5244,70.4619,W-GJ-13,State Heritage Architectural Marvel,Babi Dynasty (Nawabs of Junagadh: Nawab Mahabat Khan II & Baha-ud-din Bhar),1878 – 1892 CE (Late 19th Century),"Eclectic Indo-Islamic, Neo-Gothic, French Baroque and Anglo-Indian Fusion","Fine-grained Yellow Sandstone, Carved marble jalis, Silver plated wooden doors",Twin mausoleums: Mahabat Maqbara (1878) and Baha-ud-din Maqbara (1892) with four 4-storey corner minarets,"Four Exterior Spiralling Helical Minaret Staircases winding upwards like serpents, Onion Domes with French Baroque cornices, Intricate Gothic pointed jali arches, Silver embossed inner sanctum doors, Ornate stone chandeliers","One of India's most surreal architectural wonders, combining Islamic domes, Gothic French windows, and European baroque scrollwork. Constructed as the final resting place of Nawab Mahabat Khan II and his vizier Baha-ud-din. The vizier's tomb (Baha-ud-din Maqbara) features four standalone corner minarets with open spiral external stone stairs encircling each tower, creating an optical illusion resembling twisting marble confectionery.",Open 08:00 AM to 06:30 PM daily. Free entry to the monument grounds; interior sanctum open on select occasions. Golden-hour afternoon sun provides theatrical shadow effects.,"Uparkot Fort (1.5 km), Junagadh Rock Inscriptions (3 km), Mount Girnar (5 km)",Department of Archaeology Gujarat & Archaeological Survey of India,https://thumb.wikimedia.org/wikipedia/commons/thumb/8/85/Mahabat_Maqbara_-_Junagadh_-_Gujarat_-_001.jpg/960px-Mahabat_Maqbara_-_Junagadh_-_Gujarat_-_001.jpg?utm_source=commons.wikimedia.org&utm_campaign=imageinfo&utm_content=thumbnail,7,https://thumb.wikimedia.org/wikipedia/commons/thumb/8/85/Mahabat_Maqbara_-_Junagadh_-_Gujarat_-_001.jpg/960px-Mahabat_Maqbara_-_Junagadh_-_Gujarat_-_001.jpg?utm_source=commons.wikimedia.org&utm_campaign=imageinfo&utm_content=thumbnail | https://thumb.wikimedia.org/wikipedia/commons/thumb/5/5f/Mahabat_Maqbara_-_Junagadh_-_Gujarat_-_002.jpg/960px-Mahabat_Maqbara_-_Junagadh_-_Gujarat_-_002.jpg?utm_source=commons.wikimedia.org&utm_campaign=imageinfo&utm_content=thumbnail | https://thumb.wikimedia.org/wikipedia/commons/thumb/c/cf/Mahabat_Maqbara_-_Junagadh_-_Gujarat_-_003.jpg/960px-Mahabat_Maqbara_-_Junagadh_-_Gujarat_-_003.jpg?utm_source=commons.wikimedia.org&utm_campaign=imageinfo&utm_content=thumbnail | https://thumb.wikimedia.org/wikipedia/commons/thumb/2/2c/Junagadh_district_-_Mahabat_Maqbara_complex_-_20171022072552.jpg/960px-Junagadh_district_-_Mahabat_Maqbara_complex_-_20171022072552.jpg?utm_source=commons.wikimedia.org&utm_campaign=imageinfo&utm_content=thumbnail | https://thumb.wikimedia.org/wikipedia/commons/thumb/4/4c/Junagadh_district_-_Mahabat_Maqbara_complex_-_20171022072814.jpg/960px-Junagadh_district_-_Mahabat_Maqbara_complex_-_20171022072814.jpg?utm_source=commons.wikimedia.org&utm_campaign=imageinfo&utm_content=thumbnail | https://thumb.wikimedia.org/wikipedia/commons/thumb/5/55/Junagadh_district_-_Mahabat_Maqbara_complex_-_20171022072854.jpg/960px-Junagadh_district_-_Mahabat_Maqbara_complex_-_20171022072854.jpg?utm_source=commons.wikimedia.org&utm_campaign=imageinfo&utm_content=thumbnail | https://thumb.wikimedia.org/wikipedia/commons/thumb/2/2f/Junagadh_district_-_Mahabat_Maqbara_complex_-_20171022080324.jpg/960px-Junagadh_district_-_Mahabat_Maqbara_complex_-_20171022080324.jpg?utm_source=commons.wikimedia.org&utm_campaign=imageinfo&utm_content=thumbnail
IND-GJ-17,Dada Harir Stepwell (Bai Harir Vav),દાદા હરીરની વાવ (Dada Harir Ni Vav),Centrally Protected Monument (ASI),Five-Tiered Subterranean Solanki-Islamic Stepwell,Gujarat,"Ahmedabad District, Asarwa",23.045,72.6056,W-GJ-14,National Protected Monument of India,"Gujarat Sultanate (Built by Bai Harir Sultani, royal superintendent of the harem)",1499 CE (Late 15th Century),Solanki-Sultanate Subterranean Trabeated Architecture,"Dressed Sandstone, Sandstone block pillars with carved scrollwork",Length: 60 m; Width: 12 m; 5 subterranean storeys dropping to spiral well shaft,"Bilingual Sanskrit and Arabic Foundation Inscriptions (dating well to 1499 CE), Five Pillared Pavilions descending underground, Octagonal spiral well shaft with carved floral brackets, Adjacent Bai Harir Mosque and stone tomb pavilion","Constructed by a lady of the royal court, Bai Harir (locally called Dada Harir), who served as the superintendent of Sultan Mahmud Begada's royal household. Features priceless dual stone inscriptions: one in classical Sanskrit and one in Arabic, both recording the construction date (December 1499) and invoking divine blessings on travelers and beasts of burden walking along trade routes north toward Patan.","Open 09:00 AM to 05:30 PM daily. Excellent example of cooling subterranean architecture, consistently 5 degrees cooler than surface heat.","Hutheesing Jain Temple (2.5 km), Calico Museum of Textiles (3 km), Sidi Saiyyed Mosque (4 km)",Archaeological Survey of India (Vadodara Circle),https://thumb.wikimedia.org/wikipedia/commons/thumb/4/45/600_YEAR_OLD_DADA_HARIR_STEPWELL_AHMEDABAD.jpg/960px-600_YEAR_OLD_DADA_HARIR_STEPWELL_AHMEDABAD.jpg?utm_source=commons.wikimedia.org&utm_campaign=imageinfo&utm_content=thumbnail,7,https://thumb.wikimedia.org/wikipedia/commons/thumb/4/45/600_YEAR_OLD_DADA_HARIR_STEPWELL_AHMEDABAD.jpg/960px-600_YEAR_OLD_DADA_HARIR_STEPWELL_AHMEDABAD.jpg?utm_source=commons.wikimedia.org&utm_campaign=imageinfo&utm_content=thumbnail | https://upload.wikimedia.org/wikipedia/commons/2/27/Dada_Harir_Stepwell_-_Ahmedabad_-_3.JPG?utm_source=commons.wikimedia.org&utm_campaign=imageinfo&utm_content=thumbnail_unscaled | https://upload.wikimedia.org/wikipedia/commons/2/23/Dada_Harir_Stepwell_-_Ahmedabad_-_7.JPG?utm_source=commons.wikimedia.org&utm_campaign=imageinfo&utm_content=thumbnail_unscaled | https://thumb.wikimedia.org/wikipedia/commons/thumb/b/ba/Bai_Harir_Vav_%28Stepwell%29_Asarwa.jpg/960px-Bai_Harir_Vav_%28Stepwell%29_Asarwa.jpg?utm_source=commons.wikimedia.org&utm_campaign=imageinfo&utm_content=thumbnail | https://thumb.wikimedia.org/wikipedia/commons/thumb/0/0f/Bai_harir_Vav_Details_08.jpg/960px-Bai_harir_Vav_Details_08.jpg?utm_source=commons.wikimedia.org&utm_campaign=imageinfo&utm_content=thumbnail | https://thumb.wikimedia.org/wikipedia/commons/thumb/d/d8/Bai_harir_Vav_Details_1.jpg/960px-Bai_harir_Vav_Details_1.jpg?utm_source=commons.wikimedia.org&utm_campaign=imageinfo&utm_content=thumbnail | https://thumb.wikimedia.org/wikipedia/commons/thumb/3/34/Bai_harir_Vav_Details_10.jpg/960px-Bai_harir_Vav_Details_10.jpg?utm_source=commons.wikimedia.org&utm_campaign=imageinfo&utm_content=thumbnail
IND-GJ-18,Aina Mahal & Prag Mahal,આઈના મહેલ અને પ્રાગ મહેલ (Aina Mahal Bhuj),State Heritage Museum & Royal Citadel,Venetian Glass Hall of Mirrors & Italian Gothic Palace,Gujarat,"Kutch District, Bhuj",23.255,69.668,Kutch Heritage / State Protected,Royal Palace Complex of the Maharaos of Kutch,Jadeja Rajput Dynasty (Rao Lakhpatji & Maharao Pragmalji II),Aina Mahal: 1752 CE; Prag Mahal: 1879 CE,Indo-Venetian Fusion (Aina Mahal) & Italian Gothic (Prag Mahal by Col. Wilkins),"Local Sandstone, Venetian Glass mirrors, Delftware tiles, Indian Teakwood, Italian Carrara Marble",Clock Tower Height: 45 m (150 ft) with panoramic view of Bhuj town; Durbar Hall: 80ft x 40ft,"Hira Mahal (Sunken Pleasure Hall of Mirrors with floating dance floor surrounded by water moat), 45-meter Italian Gothic Bell Clock Tower, Carved Italian Corinthian capitals and Gothic arches in Prag Mahal, 18th-century European mechanical singing bird clock","Aina Mahal was created by master artisan Ram Singh Malam, a Kutchi sailor who was shipwrecked in Europe, spent 18 years in the Netherlands studying glass-blowing, tile-casting, and clockmaking, and returned to Kutch to create this Venetian mirror palace for Rao Lakhpatji. Prag Mahal alongside was built in Italian Gothic style out of local red sandstone. Both palaces survived the devastating 7.7-magnitude 2001 Gujarat earthquake and were painstakingly restored.",Open 09:00 AM to 12:00 PM & 03:00 PM to 06:00 PM (Closed Thursdays). Climb the 45-meter Prag Mahal clock tower for 360-degree vistas across Kutch.,"Hamirsar Lake (opposite, 100m), Kutch Museum (Oldest museum in Gujarat, 400m), Bhujia Fort (3 km)",Maharao of Kutch Palace Trust & Gujarat Tourism Board,https://thumb.wikimedia.org/wikipedia/commons/thumb/2/2e/Clock_Tower_Pragmahal_Bhuj_Kutch_Gujarat.jpg/960px-Clock_Tower_Pragmahal_Bhuj_Kutch_Gujarat.jpg?utm_source=commons.wikimedia.org&utm_campaign=imageinfo&utm_content=thumbnail,7,https://thumb.wikimedia.org/wikipedia/commons/thumb/2/2e/Clock_Tower_Pragmahal_Bhuj_Kutch_Gujarat.jpg/960px-Clock_Tower_Pragmahal_Bhuj_Kutch_Gujarat.jpg?utm_source=commons.wikimedia.org&utm_campaign=imageinfo&utm_content=thumbnail | https://thumb.wikimedia.org/wikipedia/commons/thumb/e/eb/Aina_Mahal.jpg/960px-Aina_Mahal.jpg?utm_source=commons.wikimedia.org&utm_campaign=imageinfo&utm_content=thumbnail | https://thumb.wikimedia.org/wikipedia/commons/thumb/5/5d/Aina_Mahal_01.jpg/960px-Aina_Mahal_01.jpg?utm_source=commons.wikimedia.org&utm_campaign=imageinfo&utm_content=thumbnail | https://thumb.wikimedia.org/wikipedia/commons/thumb/b/b7/Aina_Mahal_02.jpg/960px-Aina_Mahal_02.jpg?utm_source=commons.wikimedia.org&utm_campaign=imageinfo&utm_content=thumbnail | https://thumb.wikimedia.org/wikipedia/commons/thumb/d/da/Aksam_1936_nisan_21.pdf/page1-960px-Aksam_1936_nisan_21.pdf.jpg?utm_source=commons.wikimedia.org&utm_campaign=imageinfo&utm_content=thumbnail | https://thumb.wikimedia.org/wikipedia/commons/thumb/9/96/Milliyet_1933_subat_10.pdf/page1-960px-Milliyet_1933_subat_10.pdf.jpg?utm_source=commons.wikimedia.org&utm_campaign=imageinfo&utm_content=thumbnail | https://thumb.wikimedia.org/wikipedia/commons/thumb/6/66/Prag_Mahal_Bhuj_Kutch.jpg/960px-Prag_Mahal_Bhuj_Kutch.jpg?utm_source=commons.wikimedia.org&utm_campaign=imageinfo&utm_content=thumbnail
IND-GJ-19,Sahastralinga Talav,સહસ્ત્રલિંગ તળાવ (Sahastralinga Talav),Centrally Protected Monument (ASI),Monumental Medieval Water Reservoir & Thousand-Linga Sanctuary,Gujarat,"Patan District, Patan",23.8647,72.1089,W-GJ-15,National Protected Hydraulic Wonder,Chaulukya / Solanki Dynasty (Siddharaj Jaisinh),1140 CE (12th Century),Solanki Hydraulic Engineering & Temple Architecture,"Dressed Sandstone Masonry, Stone water inlets and siltation basins, Siphon channels","Water Reservoir Perimeter: 5 km (3 miles); Over 1,000 miniature Shiva shrines along the embankments","Stone Siltation Inlets channeling Saraswati River waters, Sculptured sluice sluices with 48 carved pillars, Remains of miniature Shivalinga shrines along embankment, Octagonal three-ring water inlet basin, Ruined Rudra Kupa well","Commissioned by the greatest Solanki emperor, Siddharaj Jaisinh. Conceived as a colossal pentagonal artificial lake surrounded by 1,000 individual shrines dedicated to Lord Shiva (Sahastra-Linga). Water from the Saraswati River was diverted through an engineered 300-meter masonry canal into a circular desilting chamber before entering the main reservoir, combining civic water management with sacred worship.",Open 08:00 AM to 06:00 PM daily. Located just 1.5 km north of Rani ki Vav. Combined ticketing and audio guides available.,"Rani ki Vav (1.5 km), Patola Weaving Museum (2 km), Modhera Sun Temple (35 km)",Archaeological Survey of India (Vadodara Circle),https://thumb.wikimedia.org/wikipedia/commons/thumb/2/2f/Sahasraling_Talav_at_Pattan.jpg/960px-Sahasraling_Talav_at_Pattan.jpg?utm_source=commons.wikimedia.org&utm_campaign=imageinfo&utm_content=thumbnail,7,https://thumb.wikimedia.org/wikipedia/commons/thumb/2/2f/Sahasraling_Talav_at_Pattan.jpg/960px-Sahasraling_Talav_at_Pattan.jpg?utm_source=commons.wikimedia.org&utm_campaign=imageinfo&utm_content=thumbnail | https://thumb.wikimedia.org/wikipedia/commons/thumb/1/1a/Sahasraling_Talav_of_Pattan_in_Gujarat.jpg/960px-Sahasraling_Talav_of_Pattan_in_Gujarat.jpg?utm_source=commons.wikimedia.org&utm_campaign=imageinfo&utm_content=thumbnail | https://thumb.wikimedia.org/wikipedia/commons/thumb/a/a9/Sahasralinga_Talav.jpg/960px-Sahasralinga_Talav.jpg?utm_source=commons.wikimedia.org&utm_campaign=imageinfo&utm_content=thumbnail | https://thumb.wikimedia.org/wikipedia/commons/thumb/b/b8/Channel_for_Sahastralinga_Talav.JPG/960px-Channel_for_Sahastralinga_Talav.JPG?utm_source=commons.wikimedia.org&utm_campaign=imageinfo&utm_content=thumbnail | https://thumb.wikimedia.org/wikipedia/commons/thumb/7/76/Sahasraling_Talav_Canal.jpg/960px-Sahasraling_Talav_Canal.jpg?utm_source=commons.wikimedia.org&utm_campaign=imageinfo&utm_content=thumbnail | https://thumb.wikimedia.org/wikipedia/commons/thumb/d/db/Sahasralinga_Talav_canal.jpg/960px-Sahasralinga_Talav_canal.jpg?utm_source=commons.wikimedia.org&utm_campaign=imageinfo&utm_content=thumbnail | https://thumb.wikimedia.org/wikipedia/commons/thumb/9/9e/Sahastralinga_Talav.JPG/960px-Sahastralinga_Talav.JPG?utm_source=commons.wikimedia.org&utm_campaign=imageinfo&utm_content=thumbnail
IND-GJ-20,Hutheesing Jain Temple,હઠીસિંગનાં દેરાં (Hutheesing Temple),Sacred Living Tirthankara Sanctuary,Pure White Marble Jain Temple Complex,Gujarat,"Ahmedabad District, Bardolpura",23.0417,72.5972,Hutheesing Family Trust / Heritage,Component of Ahmedabad Heritage City,Built by Sheth Hutheesing Kesrisinh & completed by Harkunwar Ba,1848 CE (Mid 19th Century),Apex Māru-Gurjara White Marble Architecture (Designed by Premchand Salat),"Pure White Makrana Marble, Intricately carved lattice screens, Gilded kalashas",Courtyard with 52 individual shrines (Devakulikas); Central 2-storey Mandapa with 12 pillars,"Central 2-Storey Sanctum dedicated to 15th Tirthankara Dharmanatha, 52 Subsidiary Shrines surrounding the marble cloister, Manastambha (6-storey Tower of Glory inspired by Chittorgarh), Ornate carved Makrana marble brackets and ceilings","Constructed during the devastating Gujarat famine of 1846–1848 by wealthy Jain merchant Sheth Hutheesing Kesrisinh as a famine relief charity project, employing hundreds of master stone artisans for over two years. When Kesrisinh died prematurely at age 49, his devoted widow Harkunwar Ba oversaw its completion at a total cost of over 1 million rupees, creating one of the most stunning white marble sanctuaries in western India.",Open 08:00 AM to 01:00 PM & 02:00 PM to 05:00 PM. Peaceful marble courtyard; footwear and leather items strictly prohibited at entrance.,"Dada Harir Stepwell (2.5 km), Calico Museum of Textiles (1.5 km), Sidi Saiyyed Mosque (3.5 km)",Hutheesing Temple Trust & Gujarat Tourism,https://thumb.wikimedia.org/wikipedia/commons/thumb/3/32/The_Hutheesing_Jain_Temple%2C_Located_on_Shahibaug_Road_in_Ahmedabad_Entry.jpg/960px-The_Hutheesing_Jain_Temple%2C_Located_on_Shahibaug_Road_in_Ahmedabad_Entry.jpg?utm_source=commons.wikimedia.org&utm_campaign=imageinfo&utm_content=thumbnail,7,https://thumb.wikimedia.org/wikipedia/commons/thumb/3/32/The_Hutheesing_Jain_Temple%2C_Located_on_Shahibaug_Road_in_Ahmedabad_Entry.jpg/960px-The_Hutheesing_Jain_Temple%2C_Located_on_Shahibaug_Road_in_Ahmedabad_Entry.jpg?utm_source=commons.wikimedia.org&utm_campaign=imageinfo&utm_content=thumbnail | https://thumb.wikimedia.org/wikipedia/commons/thumb/7/79/The_Hutheesing_Jain_Temple%2C_Located_on_Shahibaug_Road_in_Ahmedabad_From_Center.jpg/960px-The_Hutheesing_Jain_Temple%2C_Located_on_Shahibaug_Road_in_Ahmedabad_From_Center.jpg?utm_source=commons.wikimedia.org&utm_campaign=imageinfo&utm_content=thumbnail | https://thumb.wikimedia.org/wikipedia/commons/thumb/7/7d/The_Hutheesing_Jain_Temple%2C_Located_on_Shahibaug_Road_in_Ahmedabad_From_Side.jpg/960px-The_Hutheesing_Jain_Temple%2C_Located_on_Shahibaug_Road_in_Ahmedabad_From_Side.jpg?utm_source=commons.wikimedia.org&utm_campaign=imageinfo&utm_content=thumbnail | https://thumb.wikimedia.org/wikipedia/commons/thumb/a/a4/Hutheesing_Jain_Temple%2C_Ahmedabad_9.jpg/960px-Hutheesing_Jain_Temple%2C_Ahmedabad_9.jpg?utm_source=commons.wikimedia.org&utm_campaign=imageinfo&utm_content=thumbnail | https://thumb.wikimedia.org/wikipedia/commons/thumb/a/ae/Hutheesing_Jain_Temple%2C_Large%2C_19th-century_marble_Jain_temple_with_elaborate_architecture_featuring_intricate_carvings.jpg/960px-Hutheesing_Jain_Temple%2C_Large%2C_19th-century_marble_Jain_temple_with_elaborate_architecture_featuring_intricate_carvings.jpg?utm_source=commons.wikimedia.org&utm_campaign=imageinfo&utm_content=thumbnail | https://thumb.wikimedia.org/wikipedia/commons/thumb/c/cb/Hutheesing_Jain_Temple_%281%29.jpg/960px-Hutheesing_Jain_Temple_%281%29.jpg?utm_source=commons.wikimedia.org&utm_campaign=imageinfo&utm_content=thumbnail | https://thumb.wikimedia.org/wikipedia/commons/thumb/2/2c/Hutheesing_Jain_Temple_External_designs.jpg/960px-Hutheesing_Jain_Temple_External_designs.jpg?utm_source=commons.wikimedia.org&utm_campaign=imageinfo&utm_content=thumbnail
IND-GJ-21,Vijay Vilas Palace,વિજય વિલાસ પેલેસ (Vijay Vilas Mandvi),State Heritage Monument & Royal Coastal Estate,Rajput Red Sandstone Coastal Beach Palace,Gujarat,"Kutch District, Mandvi",22.8258,69.3139,Kutch Royal Trust / State Heritage,Royal Seaside Palace of the Maharaos of Kutch,Jadeja Rajput Dynasty (Maharao Vijayaraji of Kutch),1929 CE (Early 20th Century),Classical Rajput-Mughal Fusion with Jali screens and Bengal Chhatris,"Carved Red Sandstone from Orchha and Rajasthan, Colored glass windows, Teak woodwork",Estate: 450 acres on private Arabian Sea beach; 3-storey palace with central high dome,"Central Rajput Bulbous Dome flanked by Bengal-style Chhatris, Surrounding Stone Jharokha Balconies overlooking Arabian Sea, Royal Private Beach promenade, Extensive Sandstone Jali Lattice screens","Commissioned as a summer coastal retreat by Maharao Vijayaraji of Kutch, constructed under the supervision of royal architects from Jaipur, Rajasthan, and stone carvers from Mewar and Bengal. Features a private 2-km pristine sandy beach on the Arabian Sea with its own sanctuary of blue bulls (Nilgai) and migratory flamingoes. Frequently featured in Indian cinema (notably 'Hum Dil De Chuke Sanam').",Open 09:00 AM to 01:00 PM & 03:00 PM to 06:00 PM daily. Royal rooftop accessible for viewing the Arabian Sea coastline.,"Mandvi Dhow Shipbuilding Yards (8 km), 72 Jinalaya Jain Temples (15 km), Bhuj (60 km)",Maharao of Kutch Estate Trust & Gujarat Tourism,https://thumb.wikimedia.org/wikipedia/commons/thumb/b/be/A_Dargah_on_mound_near_Vijay_Vilas_Palace%2C_Mandvi%2C_Kutch%2C_Gujarat.jpg/960px-A_Dargah_on_mound_near_Vijay_Vilas_Palace%2C_Mandvi%2C_Kutch%2C_Gujarat.jpg?utm_source=commons.wikimedia.org&utm_campaign=imageinfo&utm_content=thumbnail,7,https://thumb.wikimedia.org/wikipedia/commons/thumb/b/be/A_Dargah_on_mound_near_Vijay_Vilas_Palace%2C_Mandvi%2C_Kutch%2C_Gujarat.jpg/960px-A_Dargah_on_mound_near_Vijay_Vilas_Palace%2C_Mandvi%2C_Kutch%2C_Gujarat.jpg?utm_source=commons.wikimedia.org&utm_campaign=imageinfo&utm_content=thumbnail | https://thumb.wikimedia.org/wikipedia/commons/thumb/e/e1/Magnificent_Vijay_Vilas_Palace-Mandvi%2C_Gujarat.jpg/960px-Magnificent_Vijay_Vilas_Palace-Mandvi%2C_Gujarat.jpg?utm_source=commons.wikimedia.org&utm_campaign=imageinfo&utm_content=thumbnail | https://thumb.wikimedia.org/wikipedia/commons/thumb/8/87/Vijay_Vilas_Palace%2C_Mandvi_Gujarat.jpg/960px-Vijay_Vilas_Palace%2C_Mandvi_Gujarat.jpg?utm_source=commons.wikimedia.org&utm_campaign=imageinfo&utm_content=thumbnail | https://thumb.wikimedia.org/wikipedia/commons/thumb/f/f5/Evening_View_on_the_top_of_the_Vijay_Vilas_Palace_1_-_Madavi%2C_Gujarat%2C_India.jpg/960px-Evening_View_on_the_top_of_the_Vijay_Vilas_Palace_1_-_Madavi%2C_Gujarat%2C_India.jpg?utm_source=commons.wikimedia.org&utm_campaign=imageinfo&utm_content=thumbnail | https://thumb.wikimedia.org/wikipedia/commons/thumb/d/d6/Interior_Vijay_Vilas_Palace_Baroda_India.jpg/960px-Interior_Vijay_Vilas_Palace_Baroda_India.jpg?utm_source=commons.wikimedia.org&utm_campaign=imageinfo&utm_content=thumbnail | https://thumb.wikimedia.org/wikipedia/commons/thumb/3/3c/The_Vijay_Vilas_palace_%28Mandvi_-_Gujarat_-_India%29.jpg/960px-The_Vijay_Vilas_palace_%28Mandvi_-_Gujarat_-_India%29.jpg?utm_source=commons.wikimedia.org&utm_campaign=imageinfo&utm_content=thumbnail | https://thumb.wikimedia.org/wikipedia/commons/thumb/a/a8/Vijay_Vilas_Palace-Kutch.jpg/960px-Vijay_Vilas_Palace-Kutch.jpg?utm_source=commons.wikimedia.org&utm_campaign=imageinfo&utm_content=thumbnail
IND-GJ-22,Bhadra Fort & Teen Darwaza,ભદ્રનો કિલ્લો અને ત્રણ દરવાજા (Bhadra Fort),Centrally Protected Monument (ASI),Founding Citadel & Ceremonial Triple Gateway,Gujarat,"Ahmedabad District, Old Ahmedabad",23.0247,72.58,W-GJ-16,Component of Historic City of Ahmadabad UNESCO Site 1551,Gujarat Sultanate (Sultan Ahmed Shah),1411 CE (15th Century),Indo-Islamic Gujarat Military Citadel Architecture,"Dressed Red Sandstone, Yellow Sandstone, Teak timbering, Lime concrete",Citadel Area: 43 acres; 14 rounded defensive bastions; Teen Darwaza: 25ft high triple arches,"Teen Darwaza (Triple Arched Gateway where royal decrees were read out), Bhadrakali Temple in citadel courtyard, Royal Palace Pavilion with carved wooden balconies, Azam Khan Sarai Clock Tower (Installed 1878), 14 Defensive Stone Bastions","Constructed in 1411 CE as the fortified royal citadel immediately after Sultan Ahmed Shah founded the city of Ahmedabad on the banks of the Sabarmati River. Teen Darwaza ('Three Gates') served as the monumental ceremonial gateway leading from the fort into the grand royal square (Maidan-e-Shahi), from where sultans inspected marches and threw gold coins to crowds. An eternal flame has been kept lit inside a niche in Teen Darwaza for over 600 years, honoring Goddess Lakshmi.",Open 09:00 AM to 05:00 PM daily. The pedestrian plaza connecting Bhadra Fort to Teen Darwaza is a vibrant traditional open bazaar.,"Sidi Saiyyed Mosque (500m), Jama Masjid (800m), Sabarmati Riverfront (600m)",Archaeological Survey of India (Vadodara Circle),https://thumb.wikimedia.org/wikipedia/commons/thumb/2/2d/Teen-Darwaza.jpg/960px-Teen-Darwaza.jpg?utm_source=commons.wikimedia.org&utm_campaign=imageinfo&utm_content=thumbnail,7,https://thumb.wikimedia.org/wikipedia/commons/thumb/2/2d/Teen-Darwaza.jpg/960px-Teen-Darwaza.jpg?utm_source=commons.wikimedia.org&utm_campaign=imageinfo&utm_content=thumbnail | https://thumb.wikimedia.org/wikipedia/commons/thumb/5/5e/Teen_Darwaza%2C_Gateway%2C_Ahmedabad_LOC_31479977313.jpg/960px-Teen_Darwaza%2C_Gateway%2C_Ahmedabad_LOC_31479977313.jpg?utm_source=commons.wikimedia.org&utm_campaign=imageinfo&utm_content=thumbnail | https://upload.wikimedia.org/wikipedia/commons/7/76/Teen_Darwaza_1.jpg?utm_source=commons.wikimedia.org&utm_campaign=imageinfo&utm_content=thumbnail_unscaled | https://thumb.wikimedia.org/wikipedia/commons/thumb/4/4c/DEVOTEE_AT_JAMA_MASJID_by_Hariom_Raval.jpg/960px-DEVOTEE_AT_JAMA_MASJID_by_Hariom_Raval.jpg?utm_source=commons.wikimedia.org&utm_campaign=imageinfo&utm_content=thumbnail | https://upload.wikimedia.org/wikipedia/commons/f/f6/Jama_masjid_gujarat.jpg?utm_source=commons.wikimedia.org&utm_campaign=imageinfo&utm_content=thumbnail_unscaled | https://thumb.wikimedia.org/wikipedia/commons/thumb/9/9f/Jami_Mosque_-_Ahmedabad.jpg/960px-Jami_Mosque_-_Ahmedabad.jpg?utm_source=commons.wikimedia.org&utm_campaign=imageinfo&utm_content=thumbnail | https://thumb.wikimedia.org/wikipedia/commons/thumb/9/93/Teen_Darwaza.JPG/960px-Teen_Darwaza.JPG?utm_source=commons.wikimedia.org&utm_campaign=imageinfo&utm_content=thumbnail
IND-GJ-23,Jama Masjid of Ahmedabad,જામા મસ્જિદ (Jama Masjid Ahmedabad),Centrally Protected Monument (ASI),Monumental Sultanate Friday Mosque,Gujarat,"Ahmedabad District, Old City, Manek Chowk",23.0236,72.5878,W-GJ-17,Component of Historic City of Ahmadabad UNESCO Site 1551,Gujarat Sultanate (Sultan Ahmed Shah I),1424 CE (15th Century),Indo-Islamic Synthesis with Hindu & Jain Temple Trabeated Pillars,"Chiselled Yellow Sandstone, White marble floor inlays, Interlocking post-and-lintel stone columns",Courtyard: 75m x 66m; Prayer hall supported by 260 carved stone pillars with 15 domes,"260 Intricately Carved Stone Pillars (Carved by local Hindu/Jain artisans with bell and chain motifs), 15 Central Domes with Raised Clerestory Lanterns for natural airflow, Royal Mezzanine Muluk-Khana (Purdah gallery for royal women), Central Ablution Water Basin, Shaking minarets bases (Destroyed in 1819 earthquake)","Constructed in 1424 by Sultan Ahmed Shah, celebrated as one of the finest mosques in the Indian subcontinent. Demonstrates exceptional syncretism: local Hindu and Jain stone carvers were employed, who integrated traditional temple motifs (hanging bell-and-chain pendants, lotus rosettes) into the 260 columns. The clerestory ceiling design creates natural convection currents, drawing hot air upward and keeping the vast prayer hall cool even in 45°C summers.",Open 06:00 AM to 08:00 PM (Closed to non-Muslim tourists during congregational prayer times). Barefoot entry mandatory; scarves provided for head covering.,"Manek Chowk Night Food Market (100m), Teen Darwaza (400m), Badshah no Hajiro (Royal Tomb, 150m)",Archaeological Survey of India (Vadodara Circle),https://thumb.wikimedia.org/wikipedia/commons/thumb/8/85/Jama_Masjid%2CAhmedabad_1.JPG/960px-Jama_Masjid%2CAhmedabad_1.JPG?utm_source=commons.wikimedia.org&utm_campaign=imageinfo&utm_content=thumbnail,7,https://thumb.wikimedia.org/wikipedia/commons/thumb/8/85/Jama_Masjid%2CAhmedabad_1.JPG/960px-Jama_Masjid%2CAhmedabad_1.JPG?utm_source=commons.wikimedia.org&utm_campaign=imageinfo&utm_content=thumbnail | https://thumb.wikimedia.org/wikipedia/commons/thumb/e/e0/Jama_Masjid%2C_Ahmedabad%2C_Gujarat.jpg/960px-Jama_Masjid%2C_Ahmedabad%2C_Gujarat.jpg?utm_source=commons.wikimedia.org&utm_campaign=imageinfo&utm_content=thumbnail | https://thumb.wikimedia.org/wikipedia/commons/thumb/a/ab/Jama_Masjid%2C_Ahmedabad%2C_Gujarat_%28B%26W%29.jpg/960px-Jama_Masjid%2C_Ahmedabad%2C_Gujarat_%28B%26W%29.jpg?utm_source=commons.wikimedia.org&utm_campaign=imageinfo&utm_content=thumbnail | https://thumb.wikimedia.org/wikipedia/commons/thumb/6/60/Ahmedabad_Jama_Masjid_2.jpg/960px-Ahmedabad_Jama_Masjid_2.jpg?utm_source=commons.wikimedia.org&utm_campaign=imageinfo&utm_content=thumbnail | https://thumb.wikimedia.org/wikipedia/commons/thumb/6/6d/Jama_Masjid%2C_Ahmedabad_01.jpg/960px-Jama_Masjid%2C_Ahmedabad_01.jpg?utm_source=commons.wikimedia.org&utm_campaign=imageinfo&utm_content=thumbnail | https://thumb.wikimedia.org/wikipedia/commons/thumb/1/1a/Jama_Masjid%2C_Ahmedabad_03.jpg/960px-Jama_Masjid%2C_Ahmedabad_03.jpg?utm_source=commons.wikimedia.org&utm_campaign=imageinfo&utm_content=thumbnail | https://thumb.wikimedia.org/wikipedia/commons/thumb/6/68/Jama_Masjid%2C_Ahmedabad_04.jpg/960px-Jama_Masjid%2C_Ahmedabad_04.jpg?utm_source=commons.wikimedia.org&utm_campaign=imageinfo&utm_content=thumbnail
IND-GJ-24,Jhulta Minar (The Shaking Minarets of Sidi Bashir),ઝૂલતા મીનારા (Jhulta Minar),Centrally Protected Monument (ASI),Acoustic & Structural Mechanical Resonance Wonder,Gujarat,"Ahmedabad District, Sakar Bazar / Sarangpur",23.02,72.6,W-GJ-18,Component of Ahmedabad Heritage Matrix,"Gujarat Sultanate (Sidi Bashir, slave of Sultan Ahmed Shah)",1452 CE (15th Century),Indo-Islamic Carved Sandstone Minaret Architecture,"Yellow Sandstone with deep ornamental stone carvings, Flexible mortar joints",Height: 21.3 m (70 ft); Three storeys with carved stone balconies,"Three-Storey Fluted Sandstone Minarets with stone brackets, Carved Balcony balustrades, Connecting Archway, Internal Spiral Staircase","One of the most perplexing mechanical engineering mysteries of medieval India: when one minaret is shaken or vibrated gently at the top, the other minaret begins to oscillate in resonance after a few seconds, while the connecting stone arch between them remains completely motionless. British engineers in the 19th century even partially dismantled one minaret to discover the secret mechanism but could not decipher the flexible engineering joints, and were unable to put it back together.",Open 09:00 AM to 05:00 PM daily. Located right outside Ahmedabad Junction (Kalupur) Railway Station. Physical climbing of minarets restricted by ASI to preserve structural integrity.,"Ahmedabad Kalupur Railway Station (adjacent, 100m), Jama Masjid (1.8 km), Teen Darwaza (2.2 km)",Archaeological Survey of India (Vadodara Circle),https://thumb.wikimedia.org/wikipedia/commons/thumb/d/d5/Jhulta_Minar%2C_Bibiji_Masjid.jpg/960px-Jhulta_Minar%2C_Bibiji_Masjid.jpg?utm_source=commons.wikimedia.org&utm_campaign=imageinfo&utm_content=thumbnail,3,https://thumb.wikimedia.org/wikipedia/commons/thumb/d/d5/Jhulta_Minar%2C_Bibiji_Masjid.jpg/960px-Jhulta_Minar%2C_Bibiji_Masjid.jpg?utm_source=commons.wikimedia.org&utm_campaign=imageinfo&utm_content=thumbnail | https://thumb.wikimedia.org/wikipedia/commons/thumb/5/56/Jhulta_Minar-Ahmedabad_Gujarat.jpg/960px-Jhulta_Minar-Ahmedabad_Gujarat.jpg?utm_source=commons.wikimedia.org&utm_campaign=imageinfo&utm_content=thumbnail | https://thumb.wikimedia.org/wikipedia/commons/thumb/2/2e/Jhulta_minar_Bibiji_Mosque_-_Gomtipur%2C_Ahmedabad.jpg/960px-Jhulta_minar_Bibiji_Mosque_-_Gomtipur%2C_Ahmedabad.jpg?utm_source=commons.wikimedia.org&utm_campaign=imageinfo&utm_content=thumbnail
IND-GJ-25,Sabarmati Ashram (Hriday Kunj),સાબરમતી આશ્રમ / હૃદય કુંજ (Sabarmati Ashram),National Memorial & Freedom Sanctuary,National Freedom Headquarters & Gandhian Heritage Site,Gujarat,"Ahmedabad District, Sabarmati",23.0606,72.58,National Memorial (Ministry of Culture),National Sacred Historic Monument of India,Mahatma Gandhi (Mohandas Karamchand Gandhi),1917 – 1930 CE (Early 20th Century),Minimalist Vernacular Indigenous Architecture (Charles Correa Memorial Museum),"White-washed lime walls, Mangalore terracotta tiled roofs, Teakwood pillars, Polished stone floors",Ashram grounds: 36 acres overlooking the tranquil Sabarmati River,"Hriday Kunj (The humble cottage of Mahatma Gandhi and Kasturba Gandhi containing Gandhi's original spinning charkha, round glasses, and writing desk), Magan Niwas, Vinoba Kutir, Nandini Guest House, Charles Correa Memorial Museum (1963)","The spiritual and political headquarters from which Mahatma Gandhi directed India's non-violent struggle for freedom from 1917 to 1930. On March 12, 1930, Gandhi marched out of this ashram with 78 volunteers on the historic 385-km Dandi Salt March, vowing never to return to the ashram until India had achieved Purna Swaraj (total independence) from the British Empire.","Open 08:30 AM to 06:30 PM daily, 365 days a year. Free admission for all visitors. Serene riverfront promenade. Daily spinning wheel demonstrations.","Sabarmati Riverfront Promenade, Dandi Bridge (1 km), Sidi Saiyyed Mosque (4.5 km)",Sabarmati Ashram Preservation and Memorial Trust (SAPMT) & Ministry of Culture,https://thumb.wikimedia.org/wikipedia/commons/thumb/9/9a/GANDHI_ASHRAM_03.jpg/960px-GANDHI_ASHRAM_03.jpg?utm_source=commons.wikimedia.org&utm_campaign=imageinfo&utm_content=thumbnail,7,https://thumb.wikimedia.org/wikipedia/commons/thumb/9/9a/GANDHI_ASHRAM_03.jpg/960px-GANDHI_ASHRAM_03.jpg?utm_source=commons.wikimedia.org&utm_campaign=imageinfo&utm_content=thumbnail | https://thumb.wikimedia.org/wikipedia/commons/thumb/d/dc/Hriday_Kunj_at_Sabarmati_Ashram_%2863648%29.jpg/960px-Hriday_Kunj_at_Sabarmati_Ashram_%2863648%29.jpg?utm_source=commons.wikimedia.org&utm_campaign=imageinfo&utm_content=thumbnail | https://thumb.wikimedia.org/wikipedia/commons/thumb/3/32/Sabarmati_Ashram_-_Ahmedabad_-_Gujarat_-_DSC001.jpg/960px-Sabarmati_Ashram_-_Ahmedabad_-_Gujarat_-_DSC001.jpg?utm_source=commons.wikimedia.org&utm_campaign=imageinfo&utm_content=thumbnail | https://thumb.wikimedia.org/wikipedia/commons/thumb/1/17/Hriday_Kunj_at_Sabarmati_Ashram.jpg/960px-Hriday_Kunj_at_Sabarmati_Ashram.jpg?utm_source=commons.wikimedia.org&utm_campaign=imageinfo&utm_content=thumbnail | https://thumb.wikimedia.org/wikipedia/commons/thumb/4/4b/Hriday_Kunj_at_Sabarmati_Ashram_%2816018%29.jpg/960px-Hriday_Kunj_at_Sabarmati_Ashram_%2816018%29.jpg?utm_source=commons.wikimedia.org&utm_campaign=imageinfo&utm_content=thumbnail | https://thumb.wikimedia.org/wikipedia/commons/thumb/8/8c/Hriday_Kunj_at_Sabarmati_Ashram_%2838430%29.jpg/960px-Hriday_Kunj_at_Sabarmati_Ashram_%2838430%29.jpg?utm_source=commons.wikimedia.org&utm_campaign=imageinfo&utm_content=thumbnail | https://thumb.wikimedia.org/wikipedia/commons/thumb/0/02/Hriday_Kunj_at_Sabarmati_Ashram_%2847580%29.jpg/960px-Hriday_Kunj_at_Sabarmati_Ashram_%2847580%29.jpg?utm_source=commons.wikimedia.org&utm_campaign=imageinfo&utm_content=thumbnail
IND-GJ-26,Lakhpat Fort & Gurdwara Pehli Patshahi,લખપત કિલ્લો (Lakhpat Fort),Centrally Protected Monument (ASI),Historic Ghost Citadel & Indus Border Fortress,Gujarat,"Kutch District, Lakhpat",23.8297,68.7758,W-GJ-19,National Protected Western Frontier Fortress,Jadeja Rulers of Kutch (Jamadar Fateh Muhammad),1801 CE (Early 19th Century),Frontier Military Rampart & Coastal Fortress Architecture,"Dressed Hard Sandstone Blocks, Heavy crenellated battlements, Lime mortar",Fort Rampart Perimeter: 7 km continuous battlements; Overlooks Kori Creek and Great Rann of Kutch,"7-km Continuous Fortress Wall with Embrasures overlooking the Rann, Gurdwara Pehli Patshahi (UNESCO Heritage Award winner holding wooden footwear 'Khadau' of Guru Nanak Dev Ji), Tomb of Pir Ghaus Muhammad with intricate carvings, Ghost town ruins of historic merchant houses","Once a bustling maritime port generating 100,000 koris daily from maritime customs (hence 'Lakhpat' - the city of hundred thousands) when the Indus River flowed directly through it into the sea. Guru Nanak Dev Ji stayed here on his journey to Mecca. In 1819, a catastrophic 7.8-magnitude earthquake created the 'Allah Bund' (Mound of God), which permanently dammed and diverted the Indus River 100 km westward into Sindh, overnight turning Lakhpat into an evocative desert ghost town.","Open sunrise to sunset daily. Located at the extreme northwestern tip of India, 135 km from Bhuj. Langar meal served at the Gurdwara. Photography of border creek allowed from fort ramparts.","Koteshwar Mahadev Temple (35 km), Narayan Sarovar (33 km), Mata no Madh (50 km)",Archaeological Survey of India (Vadodara Circle) & Gujarat Tourism,https://thumb.wikimedia.org/wikipedia/commons/thumb/0/09/Kot_Lakhpat_in_Kutch_01.JPG/960px-Kot_Lakhpat_in_Kutch_01.JPG?utm_source=commons.wikimedia.org&utm_campaign=imageinfo&utm_content=thumbnail,3,https://thumb.wikimedia.org/wikipedia/commons/thumb/0/09/Kot_Lakhpat_in_Kutch_01.JPG/960px-Kot_Lakhpat_in_Kutch_01.JPG?utm_source=commons.wikimedia.org&utm_campaign=imageinfo&utm_content=thumbnail | https://thumb.wikimedia.org/wikipedia/commons/thumb/6/60/Kot_Lakhpat_in_Kutch_02.JPG/960px-Kot_Lakhpat_in_Kutch_02.JPG?utm_source=commons.wikimedia.org&utm_campaign=imageinfo&utm_content=thumbnail | https://thumb.wikimedia.org/wikipedia/commons/thumb/4/4a/Kot_Lakhpat_in_Kutch_03.JPG/960px-Kot_Lakhpat_in_Kutch_03.JPG?utm_source=commons.wikimedia.org&utm_campaign=imageinfo&utm_content=thumbnail
IND-GJ-27,Taranga Jain Temple & Buddhist Caves,તારંગા જૈન મંદિર (Taranga Hill),Centrally Protected Monument (ASI),Monolithic Mountain Sanctuary & Rock-Cut Caves,Gujarat,"Mehsana District, Kheralu / Taranga",23.9989,72.7667,W-GJ-20,State Heritage Pilgrimage Mountain,Chaulukya / Solanki Dynasty (King Kumarapala),1161 CE (12th Century),Māru-Gurjara Temple Architecture (Mahaprasada style),"Yellow and Pink Sandstone, Dry-ashlar interlocking stone, Carved marble Tirthankara",Height: 43 m (142 ft); Perimeter: 45m x 30m plinth; Perched on Taranga Hill surrounded by forested peaks,"Central Colossal 2.75-meter Marble Idol of 2nd Tirthankara Ajitnath, 43-meter High Multi-tiered Shikhara, Ornate Carved Pillars with Apsaras and Musicians, Taranga Buddhist Rock-Cut Caves (Dating back to 4th century CE with Tara goddess carvings)","Constructed in 1161 CE by Chaulukya Emperor Kumarapala under the spiritual guidance of legendary Jain polymath Acharya Hemachandracharya. The grand Ajitnath temple stands on a high mountain plateau in the Aravalli range. Recent archaeological digs also uncovered ancient 4th-century CE rock-cut Buddhist grottoes and inscriptions dedicated to Buddhist Goddess Tara (giving 'Taranga' its name), proving millennia of multi-faith spiritual coexistence.",Open 06:00 AM to 06:00 PM daily. Excellent scenic mountain drive. Paved steps lead to the summit view.,"Vadnagar Historic Town (30 km), Dharoi Dam (15 km), Rani ki Vav Patan (80 km)",Archaeological Survey of India (Vadodara Circle) & Anandji Kalyanji Pedhi,https://thumb.wikimedia.org/wikipedia/commons/thumb/5/5b/Ajitnatha.jpg/960px-Ajitnatha.jpg?utm_source=commons.wikimedia.org&utm_campaign=imageinfo&utm_content=thumbnail,4,https://thumb.wikimedia.org/wikipedia/commons/thumb/5/5b/Ajitnatha.jpg/960px-Ajitnatha.jpg?utm_source=commons.wikimedia.org&utm_campaign=imageinfo&utm_content=thumbnail | https://thumb.wikimedia.org/wikipedia/commons/thumb/2/2c/Epigraphia_Indica_vol_6.djvu/page1-960px-Epigraphia_Indica_vol_6.djvu.jpg?utm_source=commons.wikimedia.org&utm_campaign=imageinfo&utm_content=thumbnail | https://upload.wikimedia.org/wikipedia/commons/3/36/Front_view_of_the_Adinatha_Temple%2C_Timba_Gujarat.jpg?utm_source=commons.wikimedia.org&utm_campaign=imageinfo&utm_content=thumbnail_unscaled | https://thumb.wikimedia.org/wikipedia/commons/thumb/6/66/Historic_heritage_sites_of_Gujarat_with_GPS_coordinates.jpg/960px-Historic_heritage_sites_of_Gujarat_with_GPS_coordinates.jpg?utm_source=commons.wikimedia.org&utm_campaign=imageinfo&utm_content=thumbnail
IND-GJ-28,Sidhpur Havelis & Rudra Mahalaya Temple Ruins,સિદ્ધપુર રુદ્ર મહાલય અને હવેલીઓ (Sidhpur),Centrally Protected Monument (ASI),Colossal Solanki Temple Ruins & Victorian Bohra Wooden Havelis,Gujarat,"Patan District, Sidhpur",23.9167,72.3833,W-GJ-21,Tentative List (Bohra Havelis of Sidhpur),Solanki Dynasty (Mulraja & Siddharaj Jaisinh) & Dawoodi Bohra Merchant Guilds,Rudra Mahalaya: 943 – 1140 CE; Havelis: 1880 – 1920 CE,Solanki Mega-Temple Architecture & Victorian-Gothic-Baroque Wooden Havelis,"Giant Sandstone Megaliths, Burnt brick, Burma Teakwood with European pastel stucco","Rudra Mahalaya was a 3-storey temple with 1,600 pillars; Sidhpur Bohrwads feature over 1,000 havelis","Surviving Colossal 40-foot Carved Stone Torana Arches and Pillars of Rudra Mahalaya, Multi-Storey Pastel-Coloured Bohra Havelis with neo-classical pediments and wrought iron grilles, Bindu Sarovar (Holy Matrugaya pilgrimage ghat), Exquisite teakwood facade brackets","Sidhpur features two extraordinary architectural paradigms. The Rudra Mahalaya was once the largest and grandest temple in western India, described as a 3-storey temple resting on 1,600 pillars so magnificent that its torana archways still tower over the town despite being sacked by Alauddin Khilji in 1296. Just 1 km away stand the pastel-hued Dawoodi Bohra havelis—Europe-inspired neoclassical and art nouveau timber mansions built by wealthy sea merchants with imported Belgian glass and Italian balustrades.",Open sunrise to sunset. Located 30 km east of Patan and 115 km north of Ahmedabad along NH 41. Walking tours through the Bohrawad neighborhood are renowned among architectural photographers.,"Rani ki Vav Patan (30 km), Modhera Sun Temple (55 km), Taranga (45 km)",Archaeological Survey of India (Vadodara Circle),https://thumb.wikimedia.org/wikipedia/commons/thumb/9/92/Architecture_at_the_Rudra_Mahalaya_at_Sidhpur%2C_Gujarat.jpg/960px-Architecture_at_the_Rudra_Mahalaya_at_Sidhpur%2C_Gujarat.jpg?utm_source=commons.wikimedia.org&utm_campaign=imageinfo&utm_content=thumbnail,3,https://thumb.wikimedia.org/wikipedia/commons/thumb/9/92/Architecture_at_the_Rudra_Mahalaya_at_Sidhpur%2C_Gujarat.jpg/960px-Architecture_at_the_Rudra_Mahalaya_at_Sidhpur%2C_Gujarat.jpg?utm_source=commons.wikimedia.org&utm_campaign=imageinfo&utm_content=thumbnail | https://upload.wikimedia.org/wikipedia/commons/3/33/Elevation_of_Kirtistambh_Rudramahalaya_Sidhpur_Gujarat_India.jpg?utm_source=commons.wikimedia.org&utm_campaign=imageinfo&utm_content=thumbnail_unscaled | https://upload.wikimedia.org/wikipedia/commons/e/e1/Four_great_pillars_and_architrave_of_the_ruined_Rudra_Mahalaya_Temple%2C_Siddhapur.jpg?utm_source=commons.wikimedia.org&utm_campaign=imageinfo&utm_content=thumbnail_unscaled
IND-GJ-29,Khambhalida Buddhist Caves,ખંભાલીડા બૌદ્ધ ગુફાઓ (Khambhalida Caves),State Protected Monument,Late Kushan / Gupta Rock-Cut Buddhist Monasteries,Gujarat,"Rajkot District, Jetpur / Gondal",21.7833,70.7333,W-GJ-22,State Heritage Rock-Cut Sanctuary,Western Kshatrapas / Gupta Era,4th – 5th Century CE,Rock-Cut Buddhist Chaitya & Vihara Architecture,Monolithic Limestone Cliffs overlooking a natural spring stream,Three rock-cut caves carved into limestone bank; Central cave has a Chaitya hall and stupa,"Colossal Lifesize Rock Relief of Bodhisattva Padmapani / Avalokiteshvara with lotus stalk, Lifesize Bodhisattva Vajrapani Relief, Rock-Cut Hemispherical Stupa inside Chaitya, Monks' Vihara residence cells","Discovered in 1958 by renowned archaeologist P.P. Pandya. The central Chaitya cave features one of the most magnificent early sculptural facades in Gujarat: flanking the entrance are two colossal, life-size figures of Bodhisattvas Avalokiteshvara and Vajrapani accompanied by dwarf attendants, carved with a flowing grace reminiscent of Gupta classical aesthetics.",Open 09:00 AM to 05:30 PM daily. Located 60 km south of Rajkot. Peaceful picnic and historical study environment.,"Gondal Naulakha Palace (25 km), Junagadh (55 km), Rajkot (60 km)","Department of Archaeology, Government of Gujarat",https://thumb.wikimedia.org/wikipedia/commons/thumb/6/66/Historic_heritage_sites_of_Gujarat_with_GPS_coordinates.jpg/960px-Historic_heritage_sites_of_Gujarat_with_GPS_coordinates.jpg?utm_source=commons.wikimedia.org&utm_campaign=imageinfo&utm_content=thumbnail,3,https://thumb.wikimedia.org/wikipedia/commons/thumb/6/66/Historic_heritage_sites_of_Gujarat_with_GPS_coordinates.jpg/960px-Historic_heritage_sites_of_Gujarat_with_GPS_coordinates.jpg?utm_source=commons.wikimedia.org&utm_campaign=imageinfo&utm_content=thumbnail | https://thumb.wikimedia.org/wikipedia/commons/thumb/0/0c/Khambhalida_Buddhist_Caves.jpg/960px-Khambhalida_Buddhist_Caves.jpg?utm_source=commons.wikimedia.org&utm_campaign=imageinfo&utm_content=thumbnail | https://thumb.wikimedia.org/wikipedia/commons/thumb/6/68/Khambhalida_Buddhist_caves_Gujarat.jpg/960px-Khambhalida_Buddhist_caves_Gujarat.jpg?utm_source=commons.wikimedia.org&utm_campaign=imageinfo&utm_content=thumbnail
IND-GJ-30,Gop Temple (Earliest Structural Temple of Gujarat),ગોપ મંદિર (Gop Temple),Centrally Protected Monument (ASI),6th-Century CE Archaic Structural Stone Shrine,Gujarat,"Jamnagar District, Zinavari Gop, Jamjodhpur",22.1333,70.0833,W-GJ-23,Earliest Surviving Structural Temple in Gujarat,Maitraka Dynasty of Vallabhi,"6th Century CE (c. 550 – 575 CE, 1,450 years old)",Archaic Maitraka Temple Style with Gandhara & Gupta synthesis,"Local Yellow Dressed Limestone ashlar blocks laid without mortar, stepped pyramidal roof",Square Sanctum: 3.3m x 3.3m; Stepped tiered pyramidal roof: 7m high,"Stepped Pyramidal Tower with Kudu (Horseshoe) Gable Arches, Gandharan Greco-Buddhist influenced pediments, Chamfered Ashlar Stone Blocks without mortar, Trabeated stone doorway with river goddess jambs","Archaeologically revered as the oldest surviving structural stone temple in all of Gujarat. Dating to the mid-6th century CE, it stands on an elevated double terrace overlooking the Vartu River basin. Architecturally fascinating because its tiered pyramidal shikhara exhibits horseshoe arches containing figures that show unmistakable Gandharan-Kashmiri and Gupta influences, indicating ancient trans-continental trade and artistic transmission.",Open sunrise to sunset daily. Located 50 km south of Jamnagar. Essential destination for archaeologists and architectural historians.,"Jamnagar Marine National Park (55 km), Lakhota Palace Jamnagar (50 km), Dwarka (95 km)",Archaeological Survey of India (Vadodara Circle),https://thumb.wikimedia.org/wikipedia/commons/thumb/9/99/600_CE_Gop_Surya_temple%2C_Zinavari_Gujarat_plan%2C_1876_sketch.jpg/960px-600_CE_Gop_Surya_temple%2C_Zinavari_Gujarat_plan%2C_1876_sketch.jpg?utm_source=commons.wikimedia.org&utm_campaign=imageinfo&utm_content=thumbnail,3,https://thumb.wikimedia.org/wikipedia/commons/thumb/9/99/600_CE_Gop_Surya_temple%2C_Zinavari_Gujarat_plan%2C_1876_sketch.jpg/960px-600_CE_Gop_Surya_temple%2C_Zinavari_Gujarat_plan%2C_1876_sketch.jpg?utm_source=commons.wikimedia.org&utm_campaign=imageinfo&utm_content=thumbnail | https://thumb.wikimedia.org/wikipedia/commons/thumb/d/d1/600_CE_Gop_Surya_temple%2C_Zinavari_Gujarat_plan%2C_north_side_roof_sketch%2C_lower_base_moulding%2C_1876_sketch.jpg/960px-600_CE_Gop_Surya_temple%2C_Zinavari_Gujarat_plan%2C_north_side_roof_sketch%2C_lower_base_moulding%2C_1876_sketch.jpg?utm_source=commons.wikimedia.org&utm_campaign=imageinfo&utm_content=thumbnail | https://upload.wikimedia.org/wikipedia/commons/c/cb/Gop_Sun_temple_Zinavari_Gujarat_roof_north.jpg?utm_source=commons.wikimedia.org&utm_campaign=imageinfo&utm_content=thumbnail_unscaled
IND-GJ-31,Surat Castle (Old Fort of Surat),સૂરત કિલ્લો (Surat Castle),State Heritage Monument & Coastal Fortress,16th-Century Maritime River Fortress,Gujarat,"Surat District, Old Surat City, Tapi Riverbank",21.1959,72.8153,Surat Municipal Corporation / State Heritage,Defensive Fortress of the Premier Port of the Mughal Empire,Gujarat Sultanate (Built by Khudawand Khan for Sultan Mahmud Shah III),1540 – 1546 CE (16th Century),Indo-Turkish Military Coastal Bastion Architecture,"Burnt Bricks, Heavy stone blocks clamped with lead, Molten iron joints, Bronze and iron cannons",Irregular Quadrangle with 4 massive 40-foot round corner bastions; Moat: 60ft wide on three sides,"Four Massive Round Bastions facing Tapi River, Lead-Poured Masonry Joints designed to absorb cannonball impacts, Historic Cannons and Gun Embrasures, Restored Governor's Palace Wing with maritime trade exhibits","Built in 1540 by Safi Agha (Khudawand Khan), a Turkish Ottoman general in the service of the Sultanate of Gujarat, specifically to defend the wealthy merchant port of Surat against repeated burning and raiding by Portuguese fleets. The walls were constructed using stone blocks bonded with molten lead rather than mortar to cushion direct hits from Portuguese ship cannons. Later conquered by Akbar in 1573 and famously attacked by Chhatrapati Shivaji Maharaj in 1664.",Open 10:00 AM to 06:00 PM (Closed Mondays). Fully restored by Surat Municipal Corporation with an experiential maritime museum. Located right beside the Tapi river bridge.,"Dutch and Armenian Historic Cemeteries (2 km), Dumas Beach (18 km), Dandi Memorial (35 km)",Surat Municipal Corporation Heritage Cell & Department of Archaeology Gujarat,https://thumb.wikimedia.org/wikipedia/commons/thumb/2/2a/The_Cities_of_Gujarashtra%2C_their_Topography_and_History_Illustrated_in_the_Journal_of_a_Recent_Tour_%28IA_dli.granth.53246%29.pdf/page1-500px-The_Cities_of_Gujarashtra%2C_their_Topography_and_History_Illustrated_in_the_Journal_of_a_Recent_Tour_%28IA_dli.granth.53246%29.pdf.jpg?utm_source=commons.wikimedia.org&utm_campaign=imageinfo&utm_content=thumbnail,7,https://thumb.wikimedia.org/wikipedia/commons/thumb/2/2a/The_Cities_of_Gujarashtra%2C_their_Topography_and_History_Illustrated_in_the_Journal_of_a_Recent_Tour_%28IA_dli.granth.53246%29.pdf/page1-500px-The_Cities_of_Gujarashtra%2C_their_Topography_and_History_Illustrated_in_the_Journal_of_a_Recent_Tour_%28IA_dli.granth.53246%29.pdf.jpg?utm_source=commons.wikimedia.org&utm_campaign=imageinfo&utm_content=thumbnail | https://thumb.wikimedia.org/wikipedia/commons/thumb/4/49/Scale_down_Model_of_Madagascar_ship_displayed_at_Surat_castle_%28fort%29.jpg/960px-Scale_down_Model_of_Madagascar_ship_displayed_at_Surat_castle_%28fort%29.jpg?utm_source=commons.wikimedia.org&utm_campaign=imageinfo&utm_content=thumbnail | https://thumb.wikimedia.org/wikipedia/commons/thumb/2/22/SuratFortTarga.jpg/960px-SuratFortTarga.jpg?utm_source=commons.wikimedia.org&utm_campaign=imageinfo&utm_content=thumbnail | https://thumb.wikimedia.org/wikipedia/commons/thumb/6/68/AMH-4587-NA_Map_for_the_fortification_of_the_castle_at_Batavia.jpg/960px-AMH-4587-NA_Map_for_the_fortification_of_the_castle_at_Batavia.jpg?utm_source=commons.wikimedia.org&utm_campaign=imageinfo&utm_content=thumbnail | https://thumb.wikimedia.org/wikipedia/commons/thumb/e/ea/Letters_from_Fort_St._George_..._%28serial%29_%28IA_lettersfromftg16977madr%29.pdf/page1-500px-Letters_from_Fort_St._George_..._%28serial%29_%28IA_lettersfromftg16977madr%29.pdf.jpg?utm_source=commons.wikimedia.org&utm_campaign=imageinfo&utm_content=thumbnail | https://thumb.wikimedia.org/wikipedia/commons/thumb/0/0d/Letters_from_Fort_St._George_..._%28serial%29_%28IA_lettersfromftg170102madr%29.pdf/page1-500px-Letters_from_Fort_St._George_..._%28serial%29_%28IA_lettersfromftg170102madr%29.pdf.jpg?utm_source=commons.wikimedia.org&utm_campaign=imageinfo&utm_content=thumbnail | https://thumb.wikimedia.org/wikipedia/commons/thumb/e/ed/Selections_from_public_consultations%2C_letters_from_Fort_St._George_and_Fort_St._David_consultations%2C_1740_%28IA_selectionsfrompu00madrrich%29.pdf/page1-960px-Selections_from_public_consultations%2C_letters_from_Fort_St._George_and_Fort_St._David_consultations%2C_1740_%28IA_selectionsfrompu00madrrich%29.pdf.jpg?utm_source=commons.wikimedia.org&utm_campaign=imageinfo&utm_content=thumbnail
IND-GJ-32,Ghumli Navalakha Temple & Vichia Vav,ઘુમલી નવલખા મંદિર (Ghumli Navalakha),Centrally Protected Monument (ASI),Ancient Capital Ruins & Two-Storey Solanki Temple,Gujarat,"Devbhumi Dwarka / Porbandar border, Barda Hills",21.8833,69.75,W-GJ-24,National Protected Monument of India,Jethwa Rajput Dynasty (Rana Bhanji & Sangramji Jethwa),12th Century CE (c. 1150 – 1200 CE),Māru-Gurjara Temple Architecture (Largest stepped-plinth temple in Saurashtra),"Local Fine Yellow Sandstone, Stepped high plinth (Jagati), Intricately carved stone pillars",Plinth: 45m x 30m; Two-storey Mandapa supported by carved bracket columns; Adjacent Vichia Vav stepwell,"Two-Storey Sabha Mandapa with soaring corbelled ceilings, High Stepped Plinth (Jagati) adorned with elephant friezes (Gajathara), Ashapura Temple ruins, Vichia Vav (Stepwell with pillared galleries), Barda Hills mountain backdrop","Ghumli served as the glorious royal capital of the Jethwa Rajput dynasty from the 9th to the 14th century. The Navalakha Temple (literally costing 'nine lakhs' of gold coins) is the largest and most architecturally accomplished medieval temple in the Kathiawar peninsula. Sacked in 1313 CE by Jam Unaji of Sindh after a famous curse, causing the Jethwas to abandon the city and retreat to Ranpur and Porbandar.","Open sunrise to sunset daily. Located in the serene valleys of Barda Wildlife Sanctuary, 45 km north of Porbandar and 80 km south of Dwarka. Excellent hiking and heritage setting.","Kirti Mandir Porbandar (45 km), Barda Wildlife Sanctuary (surrounding), Dwarka (80 km)",Archaeological Survey of India (Vadodara Circle),https://thumb.wikimedia.org/wikipedia/commons/thumb/b/b9/Ghumli_Navlakha_temple_black_%26_white.jpg/960px-Ghumli_Navlakha_temple_black_%26_white.jpg?utm_source=commons.wikimedia.org&utm_campaign=imageinfo&utm_content=thumbnail,3,https://thumb.wikimedia.org/wikipedia/commons/thumb/b/b9/Ghumli_Navlakha_temple_black_%26_white.jpg/960px-Ghumli_Navlakha_temple_black_%26_white.jpg?utm_source=commons.wikimedia.org&utm_campaign=imageinfo&utm_content=thumbnail | https://thumb.wikimedia.org/wikipedia/commons/thumb/0/06/Navlakha_arial_view_02.jpg/960px-Navlakha_arial_view_02.jpg?utm_source=commons.wikimedia.org&utm_campaign=imageinfo&utm_content=thumbnail | https://thumb.wikimedia.org/wikipedia/commons/thumb/e/ea/Navlakha_arial_view_02_%28cropped%29.jpg/960px-Navlakha_arial_view_02_%28cropped%29.jpg?utm_source=commons.wikimedia.org&utm_campaign=imageinfo&utm_content=thumbnail
